price,area,floor_number,bedroom_number,is_dinning_room,is_kitchen,is_terrace,is_car_pack,type,street_in_front_of_house,width,district
8.5,82.0,3.0,4.0,0,0,0,0,Nhà trong hẻm,3.0,4.6,Long Biên
7.5,50.0,2.0,2.0,0,0,0,0,Nhà trong hẻm,4.0,5.834717791411043,Ngoại thành
18.5,60.0,4.0,8.0,1,1,1,0,Nhà trong hẻm,8.498443223443223,5.834717791411043,Bắc Từ Liêm
18.0,74.0,5.0,5.0,0,0,0,0,Nhà trong hẻm,0.0,0.0,Ngoại thành
2.0,48.0,1.0,2.0,1,1,1,1,Căn hộ chung cư,40.0,6.0,Hoàng Mai
9.0,64.0,5.0,4.0,0,0,0,0,Nhà mặt phố,4.0,5.2,Long Biên
22.0,72.0,5.0,6.0,0,0,0,0,Nhà mặt phố,6.0,5.0,Thanh Xuân
5.4,25.0,4.0,4.0,0,0,0,0,Nhà trong hẻm,3.0,4.1,Đống Đa
9.0,42.0,6.0,10.0,1,1,1,0,Nhà mặt phố,4.0,3.5,Nam Từ Liêm
6.2,70.0,5.0,5.0,1,1,1,1,Nhà mặt phố,10.0,5.834717791411043,Ngoại thành
21.6,64.0,5.0,5.0,0,0,0,0,Nhà trong hẻm,8.0,5.834717791411043,Đống Đa
7.6,39.0,1.0,5.0,1,1,1,1,Nhà mặt phố,4.0,4.6,Tây Hồ
8.2,42.0,1.0,1.0,0,0,0,0,Nhà trong hẻm,5.0,3.5,Ngoại thành
1.65,87.0,5.0,5.0,0,0,0,0,Nhà mặt phố,6.0,5.0,Ngoại thành
7.7,35.0,5.0,4.0,1,1,1,1,Nhà mặt phố,5.0,3.0,Hoàng Mai
7.0,30.0,4.0,4.0,0,1,1,0,Nhà mặt phố,8.0,5.834717791411043,Nam Từ Liêm
10.6,50.0,4.0,4.0,0,0,0,0,Nhà trong hẻm,2.5,5.834717791411043,Hoàng Mai
40.0,80.0,9.0,7.0,1,1,1,1,Nhà mặt phố,10.0,5.0,Cầu Giấy
83.0,120.0,9.0,10.0,0,0,0,0,Nhà mặt phố,10.0,5.834717791411043,Hoàng Mai
19.0,50.0,7.0,4.0,1,1,1,1,Nhà mặt phố,20.0,3.8,Hai Bà Trưng
17.1,35.0,5.0,6.0,0,0,0,0,Nhà mặt phố,12.0,3.1,Tây Hồ
3.15,26.0,5.0,3.0,0,0,0,0,Căn hộ chung cư,8.498443223443223,5.834717791411043,Thanh Xuân
5.8,35.0,5.0,3.0,1,1,1,1,Nhà trong hẻm,2.3,4.3,Long Biên
13.0,65.0,4.0,4.0,1,1,1,0,Nhà trong hẻm,4.0,4.5,Cầu Giấy
13.0,50.0,5.0,5.0,1,1,1,1,Nhà trong hẻm,6.0,4.2,Bắc Từ Liêm
20.0,85.0,6.0,20.0,0,0,0,0,Nhà trong hẻm,3.0,5.834717791411043,Thanh Xuân
10.3,52.0,5.0,4.0,0,0,0,0,Nhà trong hẻm,4.0,47.0,Long Biên
22.5,80.0,4.0,4.0,1,1,1,1,Nhà mặt phố,8.0,7.0,Nam Từ Liêm
1.95,30.0,1.0,1.0,1,1,0,1,Căn hộ chung cư,8.498443223443223,5.834717791411043,Gia Lâm
19.7,84.0,8.0,8.0,1,1,1,1,Nhà mặt phố,15.0,5.3,Hai Bà Trưng
21.0,83.0,7.0,4.0,1,1,1,1,Nhà trong hẻm,5.0,5.6,Long Biên
88.0,220.0,8.0,4.0,0,0,0,0,Nhà mặt phố,30.0,25.0,Hà Đông
10.95,65.0,4.0,4.0,1,1,1,1,Nhà trong hẻm,6.0,0.0,Bắc Từ Liêm
18.2,68.0,4.0,4.0,1,1,1,1,Nhà trong hẻm,5.0,5.4,Cầu Giấy
4.55,65.0,5.0,5.0,0,0,0,0,Nhà mặt phố,4.0,4.5,Đông Anh
9.1,63.0,4.0,4.0,1,1,1,0,Nhà trong hẻm,3.0,3.5,Long Biên
30.0,85.0,4.0,5.0,1,1,1,1,Nhà mặt phố,30.0,4.2,Hà Đông
100.0,240.0,5.0,8.0,1,1,1,1,Nhà mặt phố,25.0,15.0,Cầu Giấy
4.88,39.0,5.0,5.0,0,0,0,0,Nhà mặt phố,3.0,5.834717791411043,Nam Từ Liêm
10.7,45.0,5.0,5.0,1,1,1,1,Nhà trong hẻm,8.0,4.0,Hà Đông
23.9,90.0,1.0,1.0,1,1,1,1,Nhà mặt phố,20.0,9.0,Tây Hồ
21.39,79.0,6.0,4.0,1,1,1,1,Nhà mặt phố,10.0,5.0,Long Biên
27.9,85.0,4.0,4.0,1,1,1,1,Nhà mặt phố,8.0,4.0,Thanh Xuân
14.5,70.0,6.0,5.0,1,1,1,0,Nhà trong hẻm,2.5,4.5,Tây Hồ
82.0,150.0,7.0,4.0,0,0,0,0,Nhà mặt phố,8.0,5.0,Ba Đình
6.5,71.0,5.0,5.0,0,0,0,0,Nhà mặt phố,6.0,3.7,Đông Anh
13.5,70.0,6.0,7.0,0,0,0,0,Nhà mặt phố,6.0,5.834717791411043,Thanh Xuân
10.2,46.0,5.0,6.0,0,0,0,0,Nhà trong hẻm,4.0,3.5,Hoàng Mai
45.0,178.0,8.0,4.0,0,0,0,0,Nhà mặt phố,7.0,6.2,Tây Hồ
90.0,1.0,5.0,5.0,0,0,0,0,Nhà mặt phố,40.0,45.0,Long Biên
9.3,52.0,4.0,3.0,0,0,0,0,Nhà trong hẻm,3.0,5.834717791411043,Thanh Xuân
6.35,30.0,5.0,3.0,1,1,1,0,Nhà trong hẻm,3.0,5.834717791411043,Cầu Giấy
17.5,85.0,6.0,10.0,0,0,0,0,Nhà trong hẻm,3.0,5.834717791411043,Đống Đa
14.0,40.0,5.0,3.0,1,1,1,1,Nhà mặt phố,15.0,6.0,Ba Đình
2.4,86.0,5.0,5.0,0,0,0,0,Nhà mặt phố,5.0,5.0,Ngoại thành
69.8,170.0,6.0,8.0,1,1,1,1,Nhà mặt phố,15.0,26.0,Thanh Xuân
22.5,65.0,10.0,16.0,0,1,1,1,Nhà trong hẻm,18.0,5.0,Cầu Giấy
19.5,84.0,5.0,5.0,0,0,0,0,Nhà mặt phố,10.0,6.0,Gia Lâm
8.0,40.0,6.0,6.0,0,0,0,0,Nhà trong hẻm,5.0,5.0,Tây Hồ
1.9,45.0,5.0,5.0,0,0,0,1,Nhà mặt phố,4.0,4.5,Ngoại thành
16.6,94.0,5.0,6.0,1,1,1,1,Nhà trong hẻm,4.0,5.834717791411043,Thanh Xuân
7.5,32.0,4.0,3.0,1,1,1,1,Nhà trong hẻm,10.0,4.0,Bắc Từ Liêm
35.0,84.0,5.0,4.0,0,0,0,0,Nhà mặt phố,5.0,5.834717791411043,Cầu Giấy
28.0,120.0,5.0,5.0,0,0,0,0,Nhà mặt phố,8.498443223443223,5.834717791411043,Hai Bà Trưng
5.9,35.0,5.0,4.0,0,0,0,0,Nhà trong hẻm,7.0,5.834717791411043,Nam Từ Liêm
29.5,130.0,1.0,2.0,1,1,0,0,Nhà trong hẻm,8.0,8.0,Cầu Giấy
5.5,33.0,5.0,6.0,1,1,1,0,Nhà trong hẻm,2.0,3.6,Hoàng Mai
5.68,33.0,3.0,3.0,1,1,1,0,Nhà trong hẻm,2.0,3.6,Đống Đa
3.5,66.0,5.0,5.0,0,0,0,0,Nhà mặt phố,2.5,4.2,Đông Anh
9.0,52.0,1.0,5.0,0,0,0,0,Nhà mặt phố,4.0,4.0,Tây Hồ
8.5,58.0,8.0,13.0,0,0,0,0,Nhà mặt phố,8.498443223443223,5.834717791411043,Đống Đa
6.8,56.0,3.0,3.0,0,0,0,1,Nhà mặt phố,8.0,4.5,Long Biên
27.9,50.0,5.0,5.0,0,0,0,0,Nhà mặt phố,30.0,5.0,Đống Đa
10.0,63.0,3.0,3.0,1,1,1,1,Nhà trong hẻm,10.0,4.0,Long Biên
6.8,30.0,5.0,3.0,0,1,1,0,Nhà trong hẻm,3.0,3.4,Hoàng Mai
7.6,32.0,5.0,3.0,0,0,0,0,Nhà mặt phố,3.0,4.0,Cầu Giấy
49.5,270.0,5.0,5.0,0,0,0,0,Nhà mặt phố,3.0,12.0,Tây Hồ
17.0,50.0,3.0,2.0,0,0,0,0,Nhà trong hẻm,8.0,4.5,Cầu Giấy
6.5,34.0,5.0,5.0,0,0,0,0,Nhà trong hẻm,0.0,0.0,Hà Đông
92.0,200.0,3.0,4.0,0,0,0,0,Nhà mặt phố,40.0,8.0,Ba Đình
6.68,36.0,5.0,3.0,1,1,1,1,Nhà trong hẻm,4.0,0.0,Cầu Giấy
9.8,55.0,4.0,4.0,1,1,1,0,Nhà trong hẻm,3.0,4.3,Hai Bà Trưng
8.4,37.0,5.0,4.0,0,0,0,0,Nhà trong hẻm,2.5,5.834717791411043,Cầu Giấy
3.65,50.0,5.0,5.0,0,0,0,0,Nhà mặt phố,3.0,5.834717791411043,Gia Lâm
11.5,35.0,5.0,5.0,0,0,0,0,Nhà mặt phố,20.0,5.834717791411043,Long Biên
19.6,46.0,7.0,4.0,1,1,1,1,Nhà trong hẻm,7.0,4.2,Đống Đa
16.5,35.0,1.0,2.0,0,0,0,0,Nhà mặt phố,15.0,4.5,Hai Bà Trưng
34.5,200.0,1.0,1.0,1,1,1,1,Nhà mặt phố,25.0,10.0,Nam Từ Liêm
5.0,30.0,6.0,4.0,0,0,0,1,Nhà trong hẻm,6.0,4.0,Bắc Từ Liêm
16.0,85.0,8.0,20.0,0,0,0,0,Nhà mặt phố,8.498443223443223,9.2,Đống Đa
10.35,58.0,5.0,5.0,0,0,0,0,Nhà mặt phố,2.0,4.0,Bắc Từ Liêm
6.8,40.0,5.0,4.0,0,0,0,0,Nhà trong hẻm,5.0,4.0,Thanh Xuân
6.5,115.0,5.0,5.0,0,0,0,0,Nhà mặt phố,4.0,3.0,Đông Anh
27.0,70.0,7.0,4.0,1,1,1,1,Nhà mặt phố,15.0,5.834717791411043,Long Biên
38.8,185.0,5.0,4.0,0,0,0,0,Nhà mặt phố,15.0,10.5,Ngoại thành
7.5,34.0,5.0,5.0,0,0,0,0,Nhà trong hẻm,0.0,0.0,Hà Đông
21.0,75.0,4.0,4.0,1,1,1,1,Nhà mặt phố,20.0,4.0,Hai Bà Trưng
7.5,48.0,4.0,4.0,1,1,1,0,Nhà mặt phố,4.0,6.0,Long Biên
18.9,40.0,4.0,4.0,1,1,1,1,Nhà mặt phố,10.0,4.0,Cầu Giấy
7.5,44.0,2.0,2.0,0,0,0,0,Nhà trong hẻm,3.0,5.834717791411043,Bắc Từ Liêm
6.0,33.0,5.0,4.0,0,0,0,0,Nhà trong hẻm,6.0,5.834717791411043,Tây Hồ
6.2,97.0,9.0,3.0,1,1,1,1,Căn hộ chung cư,8.498443223443223,5.834717791411043,Long Biên
19.9,83.0,5.0,4.0,1,1,1,1,Nhà mặt phố,12.0,5.0,Hà Đông
12.0,54.0,6.0,10.0,1,1,1,1,Nhà trong hẻm,4.0,4.5,Nam Từ Liêm
16.0,60.0,5.0,11.0,0,0,0,0,Nhà trong hẻm,3.0,6.5,Hai Bà Trưng
50.0,150.0,1.0,2.0,1,1,1,1,Nhà mặt phố,8.0,5.0,Cầu Giấy
9.5,73.0,5.0,5.0,0,0,0,0,Nhà mặt phố,4.0,5.0,Long Biên
47.0,100.0,9.0,6.0,0,0,0,0,Nhà mặt phố,15.0,5.834717791411043,Thanh Xuân
9.68,55.0,6.0,11.0,0,0,1,0,Nhà mặt phố,3.0,6.0,Nam Từ Liêm
12.5,45.0,5.0,4.0,0,0,0,1,Nhà trong hẻm,3.0,5.834717791411043,Hoàng Mai
20.0,90.0,7.0,2.0,1,1,1,1,Nhà trong hẻm,5.0,5.834717791411043,Hai Bà Trưng
44.5,210.0,3.0,4.0,1,1,1,1,Nhà mặt phố,40.0,13.5,Cầu Giấy
35.0,240.0,5.0,5.0,0,0,0,0,Nhà mặt phố,13.0,12.0,Long Biên
59.5,200.0,4.0,5.0,1,1,1,1,Nhà mặt phố,60.0,11.0,Hà Đông
5.65,40.0,5.0,5.0,0,0,0,0,Nhà mặt phố,4.0,3.85,Hà Đông
96.0,265.0,6.0,7.0,1,1,1,1,Nhà mặt phố,17.0,15.0,Nam Từ Liêm
12.8,68.0,1.0,5.0,0,0,0,0,Nhà mặt phố,6.0,5.834717791411043,Long Biên
5.7,102.0,5.0,5.0,0,0,0,0,Nhà mặt phố,3.0,5.0,Đông Anh
42.5,218.0,4.0,8.0,0,0,0,0,Nhà mặt phố,20.0,15.0,Nam Từ Liêm
7.5,32.0,6.0,3.0,1,1,1,1,Nhà mặt phố,3.0,4.0,Bắc Từ Liêm
16.2,50.0,7.0,4.0,1,1,1,1,Nhà mặt phố,40.0,4.0,Long Biên
8.2,66.0,5.0,5.0,0,0,0,0,Nhà mặt phố,4.0,5.834717791411043,Long Biên
15.0,83.0,7.0,12.0,1,1,1,1,Nhà mặt phố,3.0,4.0,Hoàng Mai
14.5,83.0,3.0,4.0,0,0,0,0,Nhà mặt phố,6.0,6.0,Tây Hồ
4.35,51.0,5.0,5.0,0,0,0,0,Nhà mặt phố,3.0,5.5,Đông Anh
19.0,76.0,5.0,5.0,1,1,1,1,Nhà trong hẻm,10.0,5.0,Cầu Giấy
9.8,55.0,5.0,6.0,1,1,1,0,Nhà trong hẻm,3.0,5.834717791411043,Hai Bà Trưng
41.0,60.0,9.0,6.0,1,1,1,1,Nhà mặt phố,20.0,5.5,Hoàn Kiếm
7.5,98.0,5.0,5.0,0,0,0,0,Nhà mặt phố,8.0,5.0,Gia Lâm
22.0,80.0,5.0,5.0,1,1,1,1,Nhà trong hẻm,20.0,6.0,Cầu Giấy
34.5,275.0,2.0,4.0,1,1,1,1,Nhà mặt phố,10.0,9.0,Tây Hồ
10.0,68.0,4.0,5.0,1,1,1,0,Nhà trong hẻm,2.0,5.8,Thanh Xuân
1.55,60.0,5.0,5.0,0,0,0,0,Nhà mặt phố,8.498443223443223,5.834717791411043,Ngoại thành
7.1,36.0,5.0,4.0,1,1,1,1,Nhà trong hẻm,3.0,6.0,Hoàng Mai
5.05,31.0,5.0,5.0,0,0,0,0,Nhà trong hẻm,6.0,4.0,Hoàng Mai
73.0,140.0,2.0,3.0,1,1,1,1,Nhà mặt phố,9.0,6.5,Ba Đình
2.65,41.0,5.0,5.0,0,0,0,0,Nhà mặt phố,3.5,3.4,Gia Lâm
14.5,60.0,4.0,4.0,1,1,1,1,Nhà mặt phố,20.0,5.0,Hà Đông
7.58,35.0,5.0,3.0,1,1,1,0,Nhà mặt phố,3.0,4.0,Đống Đa
13.6,55.0,7.0,4.0,1,1,1,1,Nhà mặt phố,15.0,4.5,Đống Đa
22.0,76.0,6.0,6.0,1,1,1,1,Nhà trong hẻm,7.5,4.3,Cầu Giấy
1.7,50.0,5.0,5.0,0,0,0,0,Nhà mặt phố,3.0,4.0,Ngoại thành
12.0,46.0,6.0,8.0,1,1,1,0,Nhà trong hẻm,3.0,4.2,Thanh Xuân
18.0,120.0,1.0,2.0,0,0,0,0,Nhà trong hẻm,5.0,5.834717791411043,Thanh Xuân
38.0,117.0,8.0,14.0,0,0,0,0,Nhà mặt phố,10.0,5.834717791411043,Ba Đình
1.59,130.0,5.0,5.0,0,0,0,0,Nhà mặt phố,3.0,8.5,Ngoại thành
17.6,140.0,1.0,5.0,0,0,0,1,Nhà mặt phố,7.0,15.0,Bắc Từ Liêm
12.0,59.0,5.0,5.0,0,0,0,0,Nhà trong hẻm,0.0,0.0,Hà Đông
95.0,350.0,5.0,5.0,1,1,1,1,Nhà mặt phố,4.5,5.834717791411043,Tây Hồ
19.8,55.0,7.0,6.0,1,1,1,1,Nhà mặt phố,12.0,5.0,Long Biên
4.4,61.0,5.0,7.0,1,1,0,0,Nhà mặt phố,5.0,4.5,Cầu Giấy
7.95,74.0,2.0,2.0,1,1,0,0,Nhà trong hẻm,4.5,4.6,Nam Từ Liêm
17.0,63.0,6.0,6.0,1,1,1,1,Nhà mặt phố,15.0,6.1,Đống Đa
11.6,34.0,5.0,5.0,1,1,1,1,Nhà trong hẻm,5.0,3.4,Nam Từ Liêm
20.0,70.0,6.0,6.0,1,1,1,1,Nhà trong hẻm,10.0,5.834717791411043,Cầu Giấy
14.2,54.0,6.0,3.0,0,0,0,0,Nhà trong hẻm,5.0,5.0,Cầu Giấy
9.9,39.0,5.0,4.0,1,1,1,0,Nhà trong hẻm,3.5,4.5,Cầu Giấy
3.95,80.0,2.0,5.0,0,0,0,0,Nhà trong hẻm,5.0,5.834717791411043,Nam Từ Liêm
7.4,38.0,5.0,6.0,0,0,0,0,Nhà trong hẻm,3.0,3.8,Hai Bà Trưng
17.5,90.0,5.0,3.0,0,0,0,0,Nhà trong hẻm,5.0,4.6,Hoàng Mai
24.8,92.0,5.0,5.0,1,1,1,1,Nhà mặt phố,25.0,5.5,Thanh Xuân
5.85,63.0,1.0,5.0,0,0,0,1,Nhà mặt phố,8.498443223443223,5.834717791411043,Hoàng Mai
46.0,225.0,1.0,1.0,0,0,0,0,Nhà mặt phố,32.0,9.5,Cầu Giấy
3.79,39.0,5.0,5.0,0,0,0,0,Nhà mặt phố,4.0,4.5,Long Biên
2.55,49.0,5.0,5.0,0,0,0,0,Nhà mặt phố,3.0,5.0,Đông Anh
5.6,50.0,5.0,5.0,0,0,0,0,Nhà mặt phố,7.0,4.0,Ngoại thành
47.5,125.0,5.0,10.0,1,1,1,1,Nhà mặt phố,25.0,14.0,Cầu Giấy
5.5,33.0,5.0,3.0,1,1,1,0,Nhà trong hẻm,2.0,3.0,Hà Đông
2.5,60.0,1.0,2.0,1,1,0,0,Căn hộ chung cư,8.498443223443223,5.834717791411043,Nam Từ Liêm
10.0,70.0,4.0,3.0,1,1,1,1,Nhà trong hẻm,6.0,0.0,Tây Hồ
15.5,150.0,2.0,8.0,1,1,1,1,Nhà trong hẻm,4.0,5.0,Đống Đa
58.5,229.0,10.0,10.0,0,0,0,0,Nhà mặt phố,40.0,9.5,Cầu Giấy
5.5,40.0,5.0,3.0,1,1,1,0,Nhà trong hẻm,3.0,5.834717791411043,Hà Đông
12.5,40.0,5.0,6.0,0,0,0,0,Nhà trong hẻm,4.0,3.0,Hà Đông
62.5,135.0,1.0,1.0,1,1,1,1,Nhà mặt phố,25.0,7.0,Đống Đa
4.0,70.0,3.0,5.0,1,1,0,1,Nhà trong hẻm,8.498443223443223,5.834717791411043,Ngoại thành
43.0,171.0,11.0,1.0,0,0,0,0,Nhà mặt phố,30.0,5.0,Hoàn Kiếm
14.8,65.0,9.0,20.0,0,0,1,0,Nhà mặt phố,3.5,5.5,Nam Từ Liêm
7.2,31.0,5.0,3.0,1,1,1,0,Nhà trong hẻm,3.0,4.0,Hà Đông
13.9,42.0,5.0,6.0,1,1,1,1,Nhà trong hẻm,4.0,4.0,Cầu Giấy
12.5,50.0,4.0,3.0,0,0,0,0,Nhà mặt phố,6.0,5.0,Hà Đông
10.5,39.0,5.0,3.0,1,1,0,0,Nhà trong hẻm,3.0,4.4,Hà Đông
29.9,86.0,4.0,4.0,0,0,0,0,Nhà mặt phố,15.0,8.2,Tây Hồ
2.9,35.0,5.0,5.0,0,0,0,0,Nhà mặt phố,5.0,4.0,Đông Anh
7.1,34.0,5.0,3.0,1,1,1,1,Nhà trong hẻm,2.5,3.3,Bắc Từ Liêm
24.0,120.0,5.0,18.0,0,0,1,1,Nhà mặt phố,8.0,7.5,Nam Từ Liêm
10.8,35.0,6.0,5.0,1,1,1,1,Nhà trong hẻm,2.0,3.5,Ba Đình
13.5,48.0,3.0,5.0,1,1,1,0,Nhà mặt phố,5.0,5.834717791411043,Hà Đông
13.9,81.0,3.0,4.0,0,0,0,0,Nhà trong hẻm,3.0,7.7,Tây Hồ
33.5,225.0,1.0,2.0,1,1,1,1,Nhà mặt phố,21.0,9.6,Long Biên
75.0,120.0,4.0,4.0,1,1,1,1,Nhà mặt phố,25.0,5.0,Hoàn Kiếm
21.0,172.0,1.0,5.0,0,0,0,0,Nhà trong hẻm,0.0,0.0,Hoàng Mai
6.8,37.0,5.0,4.0,1,1,1,0,Nhà trong hẻm,3.0,4.5,Hoàng Mai
16.0,50.0,6.0,8.0,1,1,1,1,Nhà trong hẻm,4.0,5.834717791411043,Tây Hồ
51.0,260.0,4.0,9.0,0,0,0,0,Nhà mặt phố,12.0,5.834717791411043,Hoàng Mai
16.65,56.0,7.0,5.0,0,0,0,0,Nhà trong hẻm,6.0,5.834717791411043,Đống Đa
7.2,62.0,2.0,3.0,0,0,0,0,Nhà trong hẻm,5.0,5.834717791411043,Cầu Giấy
9.8,103.0,5.0,5.0,0,0,0,0,Nhà mặt phố,4.0,5.5,Đông Anh
7.2,31.0,4.0,3.0,0,0,0,0,Nhà trong hẻm,3.0,5.834717791411043,Thanh Xuân
28.0,150.0,1.0,1.0,0,0,0,0,Nhà mặt phố,7.0,5.834717791411043,Cầu Giấy
5.2,81.0,5.0,5.0,0,0,0,0,Nhà mặt phố,8.0,5.2,Gia Lâm
16.0,50.0,1.0,1.0,0,0,0,0,Nhà mặt phố,6.0,5.0,Tây Hồ
35.0,220.0,3.0,5.0,0,0,0,0,Nhà trong hẻm,2.5,18.0,Tây Hồ
14.1,60.0,3.0,3.0,1,1,1,0,Nhà trong hẻm,3.0,7.0,Tây Hồ
39.0,140.0,1.0,2.0,1,1,1,1,Nhà mặt phố,15.0,7.2,Tây Hồ
1.7,47.0,2.0,2.0,0,0,0,0,Căn hộ chung cư,10.0,3.5,Đông Anh
36.0,200.0,1.0,1.0,1,1,1,1,Nhà mặt phố,15.0,8.0,Ba Đình
7.95,56.0,4.0,9.0,0,0,0,0,Nhà trong hẻm,6.0,5.834717791411043,Nam Từ Liêm
2.8,85.0,5.0,5.0,0,0,0,0,Nhà mặt phố,4.0,4.0,Ngoại thành
17.5,55.0,7.0,5.0,1,1,1,1,Nhà mặt phố,14.0,4.0,Hà Đông
7.0,38.0,4.0,4.0,0,0,0,0,Nhà mặt phố,4.0,4.0,Ngoại thành
31.0,76.0,7.0,6.0,0,0,0,0,Nhà mặt phố,5.5,5.834717791411043,Cầu Giấy
14.5,65.0,5.0,5.0,0,0,0,0,Nhà mặt phố,8.498443223443223,5.834717791411043,Hai Bà Trưng
88.0,151.0,5.0,4.0,1,1,1,1,Nhà mặt phố,30.0,5.834717791411043,Cầu Giấy
56.8,71.0,5.0,5.0,1,1,1,1,Nhà mặt phố,30.0,4.8,Tây Hồ
4.7,72.0,5.0,5.0,0,0,0,0,Nhà mặt phố,4.0,4.0,Đông Anh
17.3,52.0,5.0,4.0,1,1,1,1,Nhà mặt phố,16.0,4.0,Hà Đông
9.8,54.0,4.0,4.0,0,0,0,0,Nhà trong hẻm,2.0,4.5,Hai Bà Trưng
43.5,128.0,5.0,5.0,1,1,1,1,Nhà mặt phố,60.0,8.0,Thanh Xuân
9.0,50.0,6.0,5.0,0,0,0,0,Nhà trong hẻm,6.0,4.0,Long Biên
7.7,42.0,5.0,4.0,1,1,1,0,Nhà trong hẻm,3.0,3.7,Hà Đông
6.2,78.0,3.0,3.0,0,0,0,0,Nhà trong hẻm,3.0,4.3,Gia Lâm
41.5,140.0,5.0,5.0,0,0,0,0,Nhà mặt phố,12.0,8.0,Nam Từ Liêm
29.5,75.0,7.0,6.0,0,0,0,0,Nhà trong hẻm,8.0,5.834717791411043,Long Biên
10.7,43.0,5.0,8.0,1,1,1,0,Nhà trong hẻm,8.498443223443223,5.834717791411043,Thanh Xuân
8.2,37.0,6.0,10.0,1,1,1,0,Nhà mặt phố,8.498443223443223,5.834717791411043,Nam Từ Liêm
85.0,237.0,2.0,2.0,0,0,0,0,Nhà mặt phố,32.0,5.8,Tây Hồ
29.7,109.0,4.0,4.0,0,0,0,0,Nhà mặt phố,8.5,5.834717791411043,Hà Đông
8.6,60.0,3.0,3.0,1,1,1,1,Nhà trong hẻm,4.0,6.0,Tây Hồ
5.25,35.0,4.0,3.0,1,1,1,0,Nhà trong hẻm,2.5,3.3,Hà Đông
10.0,40.0,5.0,3.0,1,1,1,1,Nhà trong hẻm,6.0,4.0,Hai Bà Trưng
6.8,37.0,4.0,4.0,0,1,1,0,Nhà mặt phố,3.0,5.834717791411043,Thanh Xuân
8.95,55.0,4.0,5.0,0,0,0,0,Nhà trong hẻm,5.0,5.834717791411043,Nam Từ Liêm
26.0,150.0,3.0,4.0,0,0,0,0,Nhà trong hẻm,3.0,7.0,Ba Đình
18.7,110.0,3.0,4.0,1,1,1,1,Nhà mặt phố,7.0,5.0,Long Biên
32.5,91.0,5.0,4.0,0,0,0,0,Nhà mặt phố,15.0,5.834717791411043,Đống Đa
12.5,50.0,4.0,4.0,0,0,0,1,Nhà mặt phố,3.5,5.834717791411043,Đống Đa
9.9,152.0,1.0,4.0,1,1,1,1,Căn hộ chung cư,8.498443223443223,10.0,Long Biên
17.0,60.0,8.0,14.0,0,0,0,0,Nhà mặt phố,8.498443223443223,7.0,Tây Hồ
6.0,35.0,5.0,4.0,1,1,1,0,Nhà mặt phố,3.0,5.834717791411043,Bắc Từ Liêm
7.55,45.0,7.0,7.0,0,0,0,0,Nhà mặt phố,2.5,5.834717791411043,Nam Từ Liêm
5.4,40.0,5.0,4.0,1,1,1,0,Nhà trong hẻm,3.0,5.834717791411043,Nam Từ Liêm
29.0,144.0,4.0,4.0,1,1,1,1,Nhà mặt phố,25.0,6.0,Hà Đông
2.1,66.0,5.0,5.0,0,0,0,0,Nhà mặt phố,4.0,4.64,Ngoại thành
10.0,70.0,5.0,5.0,0,0,0,0,Nhà mặt phố,4.0,5.834717791411043,Cầu Giấy
18.0,107.0,5.0,5.0,0,0,0,0,Nhà mặt phố,10.0,5.0,Đông Anh
43.6,280.0,1.0,1.0,0,0,0,0,Nhà mặt phố,20.0,13.5,Tây Hồ
19.299,50.0,8.0,3.0,1,1,1,1,Nhà mặt phố,3.8,4.3,Cầu Giấy
9.8,93.0,1.0,5.0,0,0,0,0,Nhà mặt phố,4.0,5.0,Nam Từ Liêm
18.0,45.0,6.0,4.0,1,1,1,1,Nhà trong hẻm,4.0,5.834717791411043,Đống Đa
78.0,180.0,1.0,1.0,1,1,1,1,Nhà mặt phố,15.0,9.0,Tây Hồ
13.5,50.0,5.0,5.0,0,0,0,0,Nhà mặt phố,15.0,4.3,Hà Đông
7.5,103.0,1.0,2.0,0,0,0,0,Nhà mặt phố,4.0,6.3,Đông Anh
13.0,70.0,6.0,15.0,1,1,1,1,Nhà mặt phố,4.0,5.0,Thanh Xuân
14.0,50.0,6.0,5.0,1,1,1,1,Nhà trong hẻm,5.0,4.0,Cầu Giấy
7.6,59.0,3.0,3.0,0,0,0,0,Nhà trong hẻm,2.0,5.1,Hoàng Mai
5.5,32.0,4.0,3.0,0,0,0,0,Nhà trong hẻm,2.0,5.834717791411043,Hai Bà Trưng
94.5,310.0,12.0,5.0,0,0,1,1,Nhà mặt phố,20.0,13.0,Đống Đa
32.0,78.0,7.0,18.0,1,1,1,1,Nhà trong hẻm,8.0,5.834717791411043,Cầu Giấy
39.5,311.0,1.0,1.0,1,1,1,0,Nhà mặt phố,3.0,30.0,Hoàng Mai
19.8,65.0,5.0,4.0,1,1,1,1,Nhà mặt phố,4.0,6.0,Long Biên
5.15,30.0,5.0,3.0,1,1,1,1,Nhà trong hẻm,2.0,4.2,Long Biên
8.9,80.0,4.0,5.0,0,0,0,0,Nhà trong hẻm,2.5,5.0,Tây Hồ
27.7,58.0,7.0,10.0,0,0,0,0,Nhà mặt phố,20.0,5.834717791411043,Cầu Giấy
12.5,89.0,2.0,4.0,1,1,1,1,Nhà mặt phố,8.0,5.0,Đông Anh
59.0,174.0,4.0,6.0,1,1,1,1,Nhà mặt phố,25.0,20.0,Ba Đình
15.8,74.0,5.0,7.0,1,1,1,0,Nhà trong hẻm,5.0,3.6,Ba Đình
2.85,100.0,5.0,5.0,0,0,0,0,Nhà mặt phố,4.0,5.8,Ngoại thành
59.0,125.0,5.0,6.0,1,1,1,1,Nhà mặt phố,15.0,10.0,Cầu Giấy
33.0,135.0,2.0,3.0,0,0,0,0,Nhà trong hẻm,8.0,5.834717791411043,Tây Hồ
24.0,80.0,1.0,3.0,0,0,0,0,Nhà trong hẻm,6.0,5.834717791411043,Thanh Xuân
5.79,47.0,4.0,4.0,1,1,1,0,Nhà trong hẻm,2.8,4.1,Long Biên
17.8,45.0,6.0,4.0,1,1,1,1,Nhà trong hẻm,5.0,4.5,Cầu Giấy
8.0,53.0,5.0,5.0,0,0,0,0,Nhà trong hẻm,0.0,0.0,Hà Đông
20.0,100.0,5.0,5.0,0,0,0,1,Nhà mặt phố,4.0,5.0,Long Biên
10.5,50.0,7.0,12.0,1,1,1,0,Nhà mặt phố,3.0,4.0,Ngoại thành
6.1,60.0,1.0,2.0,1,1,0,1,Nhà trong hẻm,4.0,4.0,Hoàng Mai
16.0,54.0,3.0,3.0,0,0,0,0,Nhà trong hẻm,8.0,5.834717791411043,Cầu Giấy
8.0,37.0,5.0,3.0,0,0,0,0,Nhà mặt phố,3.0,4.5,Hai Bà Trưng
8.0,34.0,5.0,3.0,1,1,1,0,Nhà trong hẻm,3.0,4.8,Cầu Giấy
23.9,75.0,8.0,5.0,1,1,1,1,Nhà mặt phố,5.0,9.0,Ba Đình
60.0,190.0,3.0,5.0,1,1,1,1,Nhà mặt phố,30.0,6.2,Đống Đa
19.0,55.0,7.0,6.0,1,1,1,1,Nhà mặt phố,8.0,4.8,Hai Bà Trưng
5.8,45.0,5.0,3.0,0,0,0,0,Nhà trong hẻm,3.5,3.8,Hoàng Mai
13.5,50.0,4.0,4.0,1,1,1,1,Nhà mặt phố,15.0,5.834717791411043,Hà Đông
24.0,98.0,6.0,6.0,0,0,0,0,Nhà trong hẻm,3.0,5.834717791411043,Thanh Xuân
15.5,64.0,5.0,6.0,1,1,1,1,Nhà trong hẻm,6.0,4.1,Thanh Xuân
93.0,170.0,6.0,12.0,1,1,1,1,Nhà mặt phố,20.0,7.0,Tây Hồ
8.1,62.0,5.0,5.0,0,0,0,0,Nhà mặt phố,3.5,5.834717791411043,Bắc Từ Liêm
4.65,66.0,3.0,4.0,0,0,0,0,Nhà trong hẻm,4.0,4.2,Ngoại thành
3.6,60.0,5.0,5.0,0,0,0,0,Nhà mặt phố,5.0,4.4,Đông Anh
16.6,94.0,4.0,5.0,0,0,0,0,Nhà mặt phố,16.0,5.0,Đông Anh
9.2,46.0,5.0,7.0,1,1,1,0,Nhà trong hẻm,3.0,3.0,Hoàng Mai
8.3,50.0,3.0,3.0,1,1,1,0,Nhà trong hẻm,6.0,3.2,Hoàng Mai
3.5,40.0,5.0,5.0,0,0,0,0,Nhà mặt phố,2.5,4.66,Gia Lâm
85.0,242.0,4.0,5.0,1,1,1,1,Nhà mặt phố,18.0,11.0,Tây Hồ
4.6,60.0,2.0,4.0,1,1,1,0,Nhà trong hẻm,2.5,4.5,Bắc Từ Liêm
14.7,55.0,6.0,13.0,0,0,0,0,Nhà mặt phố,3.0,5.834717791411043,Hoàng Mai
7.8,64.0,3.0,4.0,0,0,0,0,Nhà trong hẻm,3.0,5.834717791411043,Cầu Giấy
2.75,50.0,3.0,4.0,1,1,1,1,Nhà mặt phố,4.0,5.834717791411043,Ngoại thành
19.5,55.0,5.0,7.0,1,1,1,1,Nhà mặt phố,6.0,4.2,Hoàng Mai
6.3,35.0,4.0,4.0,1,1,1,0,Nhà trong hẻm,2.0,5.834717791411043,Long Biên
12.5,50.0,6.0,8.0,1,1,1,1,Nhà trong hẻm,4.0,7.7,Hoàng Mai
12.6,49.0,5.0,4.0,0,0,0,0,Nhà trong hẻm,3.5,4.2,Hoàng Mai
9.0,55.0,5.0,4.0,1,1,1,1,Nhà trong hẻm,5.0,5.834717791411043,Long Biên
7.5,36.0,5.0,6.0,1,1,1,1,Nhà trong hẻm,8.0,3.6,Bắc Từ Liêm
71.0,90.0,3.0,3.0,1,1,1,1,Nhà mặt phố,8.0,8.0,Hai Bà Trưng
5.0,30.0,5.0,4.0,1,1,1,1,Nhà mặt phố,2.5,5.834717791411043,Hà Đông
9.9,40.0,6.0,3.0,0,0,0,0,Nhà trong hẻm,2.5,5.834717791411043,Cầu Giấy
40.0,90.0,9.0,6.0,0,0,0,0,Nhà trong hẻm,12.0,5.834717791411043,Hoàng Mai
12.0,65.0,5.0,5.0,0,0,0,0,Nhà mặt phố,8.498443223443223,5.834717791411043,Cầu Giấy
6.95,40.0,5.0,6.0,0,0,0,0,Nhà trong hẻm,3.0,4.0,Hoàng Mai
18.5,90.0,5.0,4.0,1,1,1,1,Nhà mặt phố,15.0,5.0,Hà Đông
10.5,70.0,5.0,5.0,0,0,0,0,Nhà mặt phố,8.498443223443223,5.834717791411043,Đống Đa
3.6,62.0,5.0,5.0,0,0,0,0,Nhà mặt phố,5.0,4.5,Đông Anh
3.52,107.0,5.0,5.0,0,0,0,0,Nhà mặt phố,4.0,5.0,Ngoại thành
90.0,210.0,10.0,10.0,0,0,0,0,Nhà mặt phố,30.0,8.0,Hai Bà Trưng
9.2,80.0,4.0,5.0,0,0,0,0,Nhà trong hẻm,3.0,5.834717791411043,Tây Hồ
3.4,42.0,5.0,5.0,0,0,0,0,Nhà mặt phố,4.0,3.0,Đông Anh
13.0,47.0,3.0,2.0,0,0,0,0,Nhà mặt phố,0.0,5.834717791411043,Hà Đông
8.1,37.0,5.0,4.0,1,1,1,0,Nhà trong hẻm,3.0,3.9,Thanh Xuân
4.95,45.0,5.0,5.0,0,0,0,0,Nhà mặt phố,3.0,3.9,Long Biên
14.0,52.0,4.0,4.0,0,0,0,0,Nhà mặt phố,4.0,5.834717791411043,Nam Từ Liêm
26.8,57.0,7.0,6.0,1,1,1,1,Nhà mặt phố,20.0,4.5,Hai Bà Trưng
4.15,114.0,5.0,5.0,0,0,0,0,Nhà mặt phố,5.0,4.2,Ngoại thành
18.0,60.0,6.0,4.0,1,1,1,1,Nhà trong hẻm,7.0,5.0,Ba Đình
4.45,90.0,1.0,3.0,0,0,0,0,Căn hộ chung cư,8.498443223443223,5.834717791411043,Hoàng Mai
18.0,132.0,5.0,4.0,0,0,0,0,Nhà mặt phố,50.0,4.2,Thanh Xuân
5.1,42.0,4.0,4.0,1,1,1,0,Nhà trong hẻm,2.5,3.5,Hai Bà Trưng
28.0,88.0,4.0,4.0,1,1,1,1,Nhà trong hẻm,15.0,5.0,Thanh Xuân
4.75,75.0,5.0,5.0,0,0,0,0,Nhà mặt phố,3.2,6.6,Đông Anh
70.0,115.0,7.0,12.0,1,1,1,1,Nhà mặt phố,20.0,6.8,Hoàn Kiếm
7.4,52.0,4.0,4.0,1,1,1,1,Nhà trong hẻm,3.8,5.0,Đống Đa
60.0,280.0,10.0,10.0,0,0,0,0,Nhà mặt phố,30.0,10.0,Hai Bà Trưng
16.0,129.0,3.0,4.0,1,1,1,1,Nhà mặt phố,4.0,8.0,Đông Anh
9.0,39.0,5.0,3.0,0,0,0,0,Nhà trong hẻm,2.6,5.834717791411043,Cầu Giấy
14.0,50.0,6.0,3.0,0,0,0,0,Nhà mặt phố,4.0,5.834717791411043,Bắc Từ Liêm
5.35,20.0,5.0,3.0,1,1,1,0,Nhà trong hẻm,2.0,6.0,Ba Đình
14.5,75.0,7.0,18.0,0,0,0,0,Nhà mặt phố,3.0,5.834717791411043,Cầu Giấy
7.9,50.0,4.0,4.0,0,0,0,0,Nhà trong hẻm,2.2,5.834717791411043,Hai Bà Trưng
22.5,125.0,2.0,2.0,1,1,1,1,Nhà mặt phố,15.0,4.6,Ba Đình
8.9,57.0,4.0,6.0,0,0,0,0,Nhà mặt phố,5.0,4.0,Hoàng Mai
20.0,40.0,2.0,2.0,0,0,0,0,Nhà mặt phố,10.0,4.2,Ba Đình
85.0,120.0,8.0,7.0,1,1,1,1,Nhà mặt phố,4.0,10.0,Tây Hồ
12.5,65.0,7.0,15.0,0,0,0,0,Nhà mặt phố,8.498443223443223,5.834717791411043,Cầu Giấy
36.8,80.0,4.0,4.0,0,0,0,0,Nhà mặt phố,8.0,5.834717791411043,Đống Đa
6.7,54.0,5.0,5.0,0,0,0,0,Nhà mặt phố,4.0,5.834717791411043,Hoàng Mai
5.85,32.0,5.0,3.0,0,0,0,0,Nhà trong hẻm,3.0,3.6,Hai Bà Trưng
12.0,56.0,5.0,6.0,1,1,1,1,Nhà trong hẻm,2.2,5.1,Tây Hồ
18.0,45.0,5.0,4.0,0,0,0,0,Nhà mặt phố,8.0,5.834717791411043,Đống Đa
20.6,65.0,3.0,4.0,1,1,1,1,Nhà mặt phố,20.0,6.0,Đống Đa
3.45,44.0,5.0,5.0,0,0,0,0,Nhà mặt phố,3.0,4.3,Gia Lâm
2.2,60.0,5.0,5.0,0,0,0,0,Nhà mặt phố,6.0,5.0,Ngoại thành
6.18,35.0,4.0,4.0,1,1,1,0,Nhà trong hẻm,2.0,3.0,Hoàng Mai
3.9,79.0,5.0,5.0,0,0,0,0,Nhà mặt phố,4.0,5.834717791411043,Gia Lâm
4.0,35.0,1.0,1.0,1,1,0,0,Nhà trong hẻm,3.0,5.834717791411043,Tây Hồ
6.75,35.0,4.0,3.0,1,1,1,1,Nhà trong hẻm,4.0,5.834717791411043,Bắc Từ Liêm
36.0,100.0,8.0,4.0,1,1,1,1,Nhà mặt phố,15.0,5.834717791411043,Long Biên
100.0,250.0,4.0,6.0,0,0,0,0,Nhà mặt phố,15.0,26.0,Cầu Giấy
15.5,58.0,7.0,15.0,1,1,1,0,Nhà trong hẻm,3.2,6.1,Bắc Từ Liêm
15.85,127.0,2.0,5.0,0,0,0,0,Nhà trong hẻm,3.0,15.0,Hà Đông
3.35,65.0,10.0,2.0,0,0,0,0,Căn hộ chung cư,7.0,5.834717791411043,Bắc Từ Liêm
3.65,40.0,3.0,3.0,1,1,1,0,Nhà trong hẻm,2.2,10.5,Tây Hồ
6.65,36.0,5.0,3.0,0,0,0,0,Nhà trong hẻm,2.0,5.834717791411043,Long Biên
6.9,48.0,5.0,4.0,0,0,0,0,Nhà mặt phố,3.5,3.9,Hoàng Mai
6.85,36.0,5.0,5.0,1,1,1,0,Nhà trong hẻm,3.0,3.6,Thanh Xuân
25.5,127.0,1.0,3.0,1,1,1,1,Nhà mặt phố,17.0,8.0,Hà Đông
19.5,140.0,3.0,5.0,0,0,0,0,Nhà mặt phố,12.0,6.5,Long Biên
4.0,75.0,1.0,2.0,1,1,1,0,Căn hộ chung cư,8.498443223443223,5.0,Hoàng Mai
47.0,98.0,5.0,5.0,1,1,1,1,Nhà mặt phố,15.0,4.8,Cầu Giấy
8.25,40.0,6.0,10.0,1,1,1,1,Nhà trong hẻm,3.0,4.0,Nam Từ Liêm
48.5,126.0,5.0,6.0,1,1,1,1,Nhà mặt phố,10.0,22.0,Tây Hồ
3.7,84.0,1.0,3.0,1,1,1,0,Căn hộ chung cư,12.0,6.0,Ngoại thành
100.0,200.0,10.0,10.0,0,0,0,0,Nhà mặt phố,40.0,11.0,Cầu Giấy
9.0,35.0,6.0,4.0,1,1,1,0,Nhà trong hẻm,2.5,4.2,Cầu Giấy
57.0,100.0,5.0,6.0,0,0,0,0,Nhà mặt phố,12.0,5.834717791411043,Đống Đa
11.9,75.0,5.0,5.0,0,0,0,0,Nhà mặt phố,8.498443223443223,5.834717791411043,Nam Từ Liêm
12.0,45.0,5.0,4.0,1,1,1,1,Nhà mặt phố,3.5,5.2,Cầu Giấy
6.75,33.0,5.0,4.0,1,1,1,1,Nhà trong hẻm,4.0,4.0,Long Biên
30.0,66.0,8.0,8.0,1,1,1,1,Nhà mặt phố,20.0,4.0,Hoàn Kiếm
95.0,101.0,10.0,5.0,1,1,1,1,Nhà mặt phố,8.0,5.834717791411043,Ba Đình
14.3,81.0,5.0,5.0,0,0,0,0,Nhà mặt phố,15.0,5.4,Long Biên
17.0,68.0,5.0,6.0,1,1,1,1,Nhà mặt phố,4.0,5.834717791411043,Tây Hồ
9.8,54.0,4.0,4.0,1,1,1,0,Nhà trong hẻm,8.498443223443223,5.834717791411043,Hai Bà Trưng
3.5,60.0,5.0,5.0,0,0,0,0,Nhà mặt phố,8.0,3.5,Hà Đông
36.0,128.0,6.0,12.0,1,1,1,1,Nhà mặt phố,15.0,5.7,Tây Hồ
3.65,65.0,1.0,2.0,1,1,0,0,Nhà trong hẻm,2.0,4.0,Đống Đa
11.6,47.0,6.0,4.0,1,1,1,1,Nhà trong hẻm,4.0,4.0,Tây Hồ
17.0,67.0,4.0,4.0,0,0,0,0,Nhà trong hẻm,4.0,5.0,Cầu Giấy
39.5,130.0,9.0,5.0,0,0,0,0,Nhà mặt phố,30.0,6.4,Thanh Xuân
39.5,131.0,4.0,5.0,1,1,1,1,Nhà mặt phố,10.0,6.0,Ba Đình
13.5,90.0,1.0,2.0,1,1,0,0,Nhà trong hẻm,5.0,5.0,Long Biên
20.0,55.0,7.0,7.0,1,1,1,1,Nhà trong hẻm,5.0,4.2,Ba Đình
4.08,45.0,1.0,2.0,1,1,1,1,Căn hộ chung cư,8.498443223443223,5.834717791411043,Đống Đa
26.5,95.0,4.0,3.0,1,1,1,1,Nhà mặt phố,5.0,5.23,Thanh Xuân
55.055,202.0,5.0,4.0,1,1,1,1,Nhà mặt phố,18.0,9.0,Ngoại thành
17.0,120.0,7.0,15.0,1,1,1,1,Nhà trong hẻm,25.0,6.0,Đống Đa
13.6,50.0,5.0,4.0,0,1,0,1,Nhà mặt phố,20.0,5.0,Hà Đông
14.5,70.0,7.0,18.0,0,0,0,0,Nhà mặt phố,3.0,5.834717791411043,Cầu Giấy
6.0,30.0,4.0,3.0,0,0,0,0,Nhà trong hẻm,2.0,5.834717791411043,Ba Đình
12.65,45.0,6.0,5.0,1,1,1,1,Nhà trong hẻm,2.2,5.3,Thanh Xuân
69.0,108.0,8.0,4.0,0,0,0,0,Nhà mặt phố,7.0,23.0,Cầu Giấy
4.95,67.0,1.0,2.0,1,1,0,1,Căn hộ chung cư,8.498443223443223,5.834717791411043,Hoàng Mai
12.0,30.0,6.0,5.0,1,1,1,1,Nhà mặt phố,10.0,4.5,Cầu Giấy
8.8,43.0,4.0,3.0,1,1,1,0,Nhà mặt phố,3.0,3.88,Hà Đông
9.3,40.0,5.0,5.0,1,1,1,1,Nhà trong hẻm,6.0,0.0,Cầu Giấy
24.0,96.0,5.0,4.0,0,0,0,0,Nhà mặt phố,10.0,5.834717791411043,Thanh Xuân
43.0,120.0,8.0,8.0,0,0,0,0,Nhà mặt phố,40.0,6.0,Thanh Xuân
10.95,44.0,4.0,4.0,1,1,1,1,Nhà mặt phố,3.0,5.834717791411043,Hoàng Mai
18.0,41.0,7.0,11.0,0,0,0,0,Nhà trong hẻm,2.5,6.0,Tây Hồ
5.7,25.0,4.0,3.0,0,0,0,0,Nhà trong hẻm,2.5,5.834717791411043,Đống Đa
64.0,103.0,8.0,8.0,1,1,1,1,Nhà trong hẻm,5.0,11.0,Cầu Giấy
39.2,300.0,5.0,5.0,0,0,0,0,Nhà mặt phố,2.0,15.0,Thanh Xuân
28.8,65.0,5.0,6.0,0,0,0,0,Nhà mặt phố,15.0,5.834717791411043,Đống Đa
6.5,32.0,3.0,3.0,1,0,0,0,Nhà trong hẻm,3.0,5.834717791411043,Bắc Từ Liêm
6.7,40.0,3.0,4.0,0,0,0,0,Nhà mặt phố,9.0,8.1,Ba Đình
3.7,30.0,5.0,5.0,0,0,0,0,Nhà mặt phố,2.5,5.834717791411043,Bắc Từ Liêm
9.8,36.0,5.0,6.0,1,1,1,0,Nhà trong hẻm,4.5,3.3,Hoàng Mai
4.75,37.0,5.0,5.0,0,0,0,0,Nhà mặt phố,4.0,3.0,Long Biên
19.3,52.0,4.0,4.0,1,1,1,1,Nhà trong hẻm,6.0,4.7,Thanh Xuân
34.0,75.0,8.0,7.0,1,1,1,1,Nhà mặt phố,10.0,5.5,Cầu Giấy
21.9,50.0,6.0,4.0,1,1,1,1,Nhà mặt phố,15.0,5.0,Đống Đa
11.8,45.0,5.0,5.0,0,0,0,0,Nhà trong hẻm,4.0,4.0,Hai Bà Trưng
6.6,44.0,5.0,4.0,0,0,0,0,Nhà mặt phố,4.0,5.834717791411043,Tây Hồ
33.5,260.0,3.0,4.0,1,1,1,1,Nhà mặt phố,12.0,12.0,Ngoại thành
10.5,65.0,5.0,5.0,0,0,0,0,Nhà mặt phố,5.0,5.834717791411043,Tây Hồ
24.7,65.0,5.0,5.0,1,1,1,1,Nhà trong hẻm,5.0,5.5,Cầu Giấy
14.0,43.0,4.0,4.0,1,1,1,1,Nhà mặt phố,20.0,5.5,Ba Đình
17.5,88.0,5.0,3.0,1,1,1,0,Nhà trong hẻm,6.6,4.3,Hoàng Mai
17.85,85.0,7.0,20.0,0,0,0,0,Nhà mặt phố,4.0,4.5,Nam Từ Liêm
20.0,60.0,4.0,5.0,1,1,1,1,Nhà mặt phố,8.0,4.0,Đống Đa
14.3,40.0,9.0,9.0,1,1,1,1,Nhà mặt phố,20.0,5.834717791411043,Cầu Giấy
32.0,64.0,8.0,2.0,0,0,0,0,Nhà mặt phố,6.0,5.834717791411043,Cầu Giấy
25.0,50.0,8.0,6.0,1,1,1,1,Nhà mặt phố,50.0,4.0,Thanh Xuân
18.5,45.0,7.0,4.0,1,1,1,1,Nhà trong hẻm,4.5,5.834717791411043,Long Biên
28.0,48.0,5.0,6.0,0,0,0,0,Nhà mặt phố,16.0,5.834717791411043,Ba Đình
17.5,40.0,5.0,5.0,1,1,1,1,Nhà mặt phố,17.0,6.0,Ba Đình
11.8,42.0,6.0,3.0,0,0,0,0,Nhà trong hẻm,6.0,5.834717791411043,Tây Hồ
4.45,32.0,4.0,3.0,1,1,1,0,Nhà trong hẻm,5.0,6.2,Long Biên
15.7,58.0,5.0,6.0,1,1,1,1,Nhà mặt phố,4.0,5.834717791411043,Cầu Giấy
2.3,283.0,5.0,5.0,0,0,0,0,Nhà mặt phố,6.0,10.0,Ngoại thành
7.2,95.0,1.0,5.0,0,0,0,0,Nhà mặt phố,3.0,6.5,Long Biên
70.0,115.0,8.0,8.0,1,1,1,1,Nhà mặt phố,15.0,5.7,Cầu Giấy
16.9,53.0,7.0,16.0,1,1,1,1,Nhà mặt phố,4.0,5.5,Cầu Giấy
6.4,46.0,5.0,5.0,0,0,0,0,Nhà trong hẻm,0.0,0.0,Hà Đông
6.5,65.0,3.0,3.0,1,1,1,1,Nhà mặt phố,4.4,5.06,Gia Lâm
15.35,91.0,1.0,1.0,0,0,0,0,Nhà trong hẻm,3.0,5.0,Ba Đình
7.7,43.0,5.0,5.0,1,1,1,0,Nhà trong hẻm,3.0,4.1,Nam Từ Liêm
10.5,72.0,5.0,5.0,0,0,0,0,Nhà mặt phố,0.0,0.0,Hà Đông
57.0,100.0,5.0,2.0,1,1,1,1,Nhà mặt phố,12.0,5.0,Cầu Giấy
3.1,42.0,5.0,5.0,0,0,0,0,Nhà mặt phố,3.0,4.9,Gia Lâm
4.0,70.0,1.0,3.0,0,0,0,0,Căn hộ chung cư,8.498443223443223,5.834717791411043,Đống Đa
100.0,200.0,10.0,10.0,0,0,0,0,Nhà mặt phố,30.0,10.0,Hai Bà Trưng
12.95,50.0,5.0,4.0,1,1,1,1,Nhà mặt phố,6.0,4.1,Long Biên
8.7,42.0,4.0,5.0,1,1,1,1,Nhà trong hẻm,4.0,4.0,Long Biên
1.55,28.0,1.0,1.0,0,0,0,0,Căn hộ chung cư,15.0,3.5,Đông Anh
8.5,49.0,5.0,4.0,0,0,0,0,Nhà trong hẻm,5.0,6.0,Tây Hồ
16.8,90.0,5.0,5.0,0,0,0,0,Nhà mặt phố,8.0,4.2,Cầu Giấy
89.5,97.0,8.0,8.0,1,1,1,1,Nhà mặt phố,20.0,11.0,Đống Đa
3.05,62.0,7.0,2.0,1,1,0,1,Căn hộ chung cư,5.0,5.0,Long Biên
62.5,145.0,4.0,5.0,0,0,0,0,Nhà mặt phố,17.0,10.0,Nam Từ Liêm
22.0,66.0,9.0,5.0,0,0,0,0,Nhà mặt phố,15.0,5.0,Cầu Giấy
24.4,109.0,1.0,3.0,0,0,0,0,Nhà trong hẻm,8.0,5.4,Đống Đa
3.15,35.0,5.0,5.0,0,0,0,0,Nhà mặt phố,4.0,3.6,Hà Đông
15.6,66.0,2.0,2.0,1,1,1,1,Nhà mặt phố,8.0,8.2,Tây Hồ
89.0,121.0,9.0,8.0,0,0,0,0,Nhà mặt phố,50.0,5.834717791411043,Thanh Xuân
10.9,75.0,5.0,5.0,0,0,0,0,Nhà mặt phố,3.0,5.5,Nam Từ Liêm
7.9,43.0,4.0,4.0,1,1,1,1,Nhà trong hẻm,4.0,4.0,Hà Đông
15.0,91.0,4.0,4.0,1,1,1,1,Nhà mặt phố,3.5,5.3,Đống Đa
28.8,65.0,5.0,4.0,1,1,1,1,Nhà trong hẻm,7.0,5.0,Hoàng Mai
11.2,86.0,1.0,2.0,0,0,0,0,Nhà mặt phố,5.0,5.8,Bắc Từ Liêm
60.0,130.0,2.0,3.0,1,1,1,1,Nhà mặt phố,30.0,7.7,Cầu Giấy
3.95,70.0,5.0,5.0,0,0,0,0,Nhà mặt phố,3.5,5.2,Đông Anh
8.0,80.0,5.0,5.0,0,0,0,0,Nhà mặt phố,11.0,5.0,Gia Lâm
3.45,52.0,1.0,1.0,0,0,0,0,Nhà mặt phố,8.0,4.3,Ngoại thành
39.0,165.0,4.0,5.0,0,0,0,0,Nhà trong hẻm,0.0,0.0,Hà Đông
85.0,112.0,9.0,10.0,0,0,0,0,Nhà mặt phố,30.0,5.834717791411043,Đống Đa
14.5,40.0,5.0,4.0,1,1,1,1,Nhà mặt phố,8.0,4.0,Cầu Giấy
15.9,61.0,6.0,8.0,1,1,1,1,Nhà trong hẻm,8.0,4.0,Thanh Xuân
7.15,35.0,4.0,3.0,1,1,1,0,Nhà trong hẻm,3.0,5.834717791411043,Tây Hồ
6.55,55.0,5.0,5.0,0,0,0,0,Nhà mặt phố,3.5,4.0,Hà Đông
8.2,48.0,5.0,6.0,1,1,1,0,Nhà trong hẻm,3.0,4.0,Hoàng Mai
13.5,120.0,2.0,2.0,0,0,0,0,Nhà trong hẻm,2.0,7.0,Hoàng Mai
5.75,32.0,5.0,3.0,0,0,0,0,Nhà trong hẻm,2.9,5.834717791411043,Hoàng Mai
18.8,60.0,9.0,14.0,1,1,1,1,Nhà mặt phố,7.0,4.5,Ba Đình
74.0,200.0,5.0,5.0,1,1,1,1,Nhà mặt phố,6.0,10.0,Ba Đình
19.8,110.0,5.0,5.0,0,0,0,0,Nhà mặt phố,8.498443223443223,5.834717791411043,Ba Đình
13.2,45.0,7.0,4.0,1,1,1,1,Nhà mặt phố,10.0,5.0,Long Biên
70.0,100.0,9.0,10.0,1,1,1,1,Nhà mặt phố,25.0,7.5,Cầu Giấy
72.0,179.0,1.0,1.0,1,1,1,1,Nhà mặt phố,36.0,5.834717791411043,Ba Đình
3.9,40.0,1.0,1.0,0,0,1,0,Nhà trong hẻm,3.0,5.834717791411043,Bắc Từ Liêm
6.5,100.0,5.0,5.0,0,0,0,1,Nhà mặt phố,6.0,5.0,Ngoại thành
5.8,46.0,4.0,4.0,0,0,0,0,Nhà trong hẻm,7.0,5.834717791411043,Gia Lâm
8.9,42.0,5.0,6.0,1,1,1,1,Nhà trong hẻm,3.0,5.0,Ba Đình
55.0,240.0,4.0,6.0,0,0,0,0,Nhà mặt phố,18.0,10.0,Hà Đông
4.98,43.0,1.0,1.0,0,1,0,1,Nhà mặt phố,3.0,6.2,Long Biên
8.2,34.0,4.0,3.0,1,1,1,0,Nhà trong hẻm,3.0,3.2,Hà Đông
27.5,93.0,4.0,4.0,1,1,1,0,Nhà trong hẻm,10.0,4.5,Ba Đình
92.5,250.0,2.0,1.0,1,1,1,1,Nhà mặt phố,15.0,7.0,Tây Hồ
6.2,47.0,3.0,3.0,0,0,0,0,Nhà trong hẻm,1.5,5.834717791411043,Long Biên
8.3,35.0,5.0,5.0,0,0,0,0,Nhà trong hẻm,3.0,4.6,Hai Bà Trưng
13.0,109.0,6.0,4.0,0,0,0,0,Nhà trong hẻm,5.0,6.0,Cầu Giấy
6.5,39.0,5.0,5.0,0,0,0,0,Nhà trong hẻm,0.0,0.0,Hà Đông
95.0,176.0,4.0,4.0,0,0,0,0,Nhà mặt phố,22.0,5.834717791411043,Thanh Xuân
5.98,71.0,5.0,5.0,0,0,0,0,Nhà mặt phố,4.0,5.0,Đông Anh
14.8,150.0,1.0,3.0,0,1,1,1,Nhà trong hẻm,4.5,12.0,Bắc Từ Liêm
17.0,73.0,3.0,3.0,0,0,0,0,Nhà mặt phố,10.0,4.0,Gia Lâm
4.8,30.0,5.0,3.0,0,0,0,0,Nhà trong hẻm,3.5,5.2,Bắc Từ Liêm
55.0,77.0,8.0,3.0,0,0,0,0,Nhà mặt phố,30.0,6.9,Hoàng Mai
6.48,34.0,5.0,3.0,1,1,1,1,Nhà mặt phố,10.0,3.02,Hà Đông
15.9,65.0,5.0,6.0,1,1,1,1,Nhà mặt phố,10.0,4.5,Ngoại thành
9.4,52.0,1.0,1.0,1,1,1,1,Nhà trong hẻm,3.5,6.0,Long Biên
8.8,43.0,6.0,6.0,1,1,1,0,Nhà trong hẻm,4.0,4.0,Hoàng Mai
15.9,55.0,7.0,5.0,1,1,1,1,Nhà mặt phố,12.0,4.0,Hà Đông
9.8,46.0,4.0,4.0,1,1,1,1,Nhà trong hẻm,3.0,5.4,Cầu Giấy
12.7,73.0,3.0,2.0,0,0,0,0,Nhà mặt phố,20.0,5.6,Gia Lâm
44.0,200.0,2.0,3.0,1,1,0,1,Nhà mặt phố,20.0,10.0,Ba Đình
13.6,50.0,4.0,4.0,1,1,1,1,Nhà trong hẻm,6.0,4.2,Cầu Giấy
2.98,33.0,3.0,3.0,0,0,0,0,Nhà trong hẻm,2.0,3.0,Hoàng Mai
17.6,96.0,5.0,6.0,1,1,1,1,Nhà trong hẻm,4.0,5.834717791411043,Thanh Xuân
6.0,26.0,4.0,3.0,0,0,0,0,Nhà trong hẻm,3.0,5.834717791411043,Thanh Xuân
7.2,114.0,5.0,5.0,0,0,0,0,Nhà mặt phố,7.5,6.4,Đông Anh
53.5,155.0,5.0,6.0,1,1,1,1,Nhà mặt phố,25.0,8.3,Nam Từ Liêm
3.2,98.0,5.0,5.0,0,0,0,0,Nhà mặt phố,4.0,4.0,Ngoại thành
14.0,65.0,5.0,5.0,1,1,1,0,Nhà trong hẻm,4.0,4.2,Cầu Giấy
8.3,45.0,5.0,9.0,1,1,1,1,Nhà mặt phố,8.498443223443223,9.0,Cầu Giấy
6.0,42.0,4.0,4.0,1,1,1,0,Nhà trong hẻm,2.0,5.834717791411043,Bắc Từ Liêm
17.0,45.0,5.0,6.0,1,1,1,1,Nhà mặt phố,7.0,5.834717791411043,Cầu Giấy
18.5,70.0,5.0,6.0,0,0,0,0,Nhà mặt phố,18.0,5.834717791411043,Hà Đông
3.55,100.0,5.0,6.0,1,1,1,1,Nhà mặt phố,12.0,5.834717791411043,Nam Từ Liêm
6.2,32.0,4.0,3.0,1,1,1,0,Nhà trong hẻm,3.0,4.0,Hai Bà Trưng
3.25,42.0,5.0,5.0,0,0,0,0,Nhà mặt phố,3.5,6.4,Đông Anh
7.7,32.0,6.0,4.0,1,1,1,0,Nhà trong hẻm,2.0,4.6,Tây Hồ
11.9,85.0,6.0,15.0,1,1,1,1,Nhà mặt phố,3.0,4.5,Hà Đông
5.95,35.0,5.0,5.0,0,0,0,0,Nhà mặt phố,2.0,5.834717791411043,Bắc Từ Liêm
23.5,74.0,4.0,4.0,0,0,0,0,Nhà mặt phố,5.0,5.5,Hoàng Mai
15.2,62.0,5.0,5.0,1,1,1,1,Nhà trong hẻm,10.0,4.6,Ba Đình
18.4,50.0,8.0,4.0,1,1,1,1,Nhà mặt phố,14.0,4.0,Hà Đông
15.5,200.0,5.0,5.0,0,0,0,0,Nhà mặt phố,4.0,12.0,Long Biên
28.0,94.0,4.0,4.0,0,0,0,0,Nhà trong hẻm,8.0,5.834717791411043,Ba Đình
70.0,350.0,1.0,1.0,1,1,1,1,Nhà mặt phố,25.0,17.0,Nam Từ Liêm
11.5,45.0,5.0,6.0,1,1,1,1,Nhà trong hẻm,5.0,4.5,Cầu Giấy
9.5,46.0,5.0,5.0,0,0,0,0,Nhà trong hẻm,4.0,4.0,Hoàng Mai
17.8,40.0,6.0,3.0,0,0,0,0,Nhà trong hẻm,5.0,4.5,Cầu Giấy
7.95,32.0,5.0,3.0,0,0,0,0,Nhà trong hẻm,3.0,5.834717791411043,Hai Bà Trưng
9.8,65.0,5.0,3.0,1,1,1,1,Nhà trong hẻm,6.0,4.0,Hai Bà Trưng
23.5,100.0,4.0,4.0,0,0,0,0,Nhà trong hẻm,5.0,5.834717791411043,Long Biên
63.9,200.0,9.0,20.0,0,0,0,0,Nhà mặt phố,40.0,5.834717791411043,Cầu Giấy
8.9,36.0,6.0,4.0,1,1,1,1,Nhà trong hẻm,4.0,4.0,Hoàng Mai
6.9,35.0,5.0,4.0,1,1,1,0,Nhà trong hẻm,4.0,4.2,Hà Đông
7.5,99.0,1.0,3.0,1,1,0,0,Căn hộ chung cư,8.498443223443223,5.834717791411043,Cầu Giấy
10.9,35.0,6.0,3.0,1,1,1,1,Nhà trong hẻm,3.0,6.2,Cầu Giấy
37.0,110.0,9.0,20.0,1,1,1,1,Nhà mặt phố,25.0,5.0,Nam Từ Liêm
45.0,300.0,4.0,6.0,1,1,1,1,Nhà mặt phố,10.0,13.0,Tây Hồ
9.5,56.0,4.0,4.0,0,0,0,0,Nhà trong hẻm,6.0,5.834717791411043,Cầu Giấy
39.0,235.0,1.0,1.0,1,1,1,1,Nhà mặt phố,10.0,11.0,Tây Hồ
17.7,56.0,4.0,4.0,0,0,0,0,Nhà mặt phố,15.0,4.5,Hoàng Mai
19.0,90.0,6.0,7.0,1,1,1,1,Nhà trong hẻm,5.0,4.5,Nam Từ Liêm
6.95,39.0,6.0,4.0,1,1,1,0,Nhà mặt phố,5.0,5.834717791411043,Hoàng Mai
15.4,70.0,5.0,6.0,0,0,0,0,Nhà mặt phố,15.0,4.0,Thanh Xuân
3.6,55.0,5.0,5.0,0,0,0,0,Nhà mặt phố,3.0,3.6,Đông Anh
11.0,51.0,5.0,9.0,1,1,1,0,Nhà mặt phố,4.0,5.834717791411043,Hai Bà Trưng
55.0,190.0,4.0,4.0,0,0,0,0,Nhà mặt phố,10.0,7.0,Cầu Giấy
20.0,50.0,5.0,6.0,0,0,0,0,Nhà trong hẻm,12.0,5.834717791411043,Nam Từ Liêm
44.0,200.0,7.0,18.0,1,1,1,1,Nhà mặt phố,25.0,10.0,Ba Đình
11.7,52.0,5.0,6.0,0,0,0,0,Nhà trong hẻm,3.0,6.0,Long Biên
12.5,62.0,5.0,6.0,1,1,1,1,Nhà trong hẻm,4.0,5.834717791411043,Nam Từ Liêm
24.2,60.0,5.0,5.0,0,0,0,0,Nhà mặt phố,40.0,5.0,Ba Đình
10.5,134.0,3.0,8.0,0,0,0,0,Nhà trong hẻm,4.0,7.7,Gia Lâm
7.5,35.0,5.0,3.0,1,1,1,1,Nhà trong hẻm,10.0,5.0,Đống Đa
27.5,83.0,8.0,4.0,1,1,1,1,Nhà trong hẻm,7.0,6.0,Cầu Giấy
27.5,54.0,8.0,7.0,1,1,1,1,Nhà mặt phố,52.0,5.0,Nam Từ Liêm
7.5,43.0,5.0,2.0,1,1,1,0,Nhà trong hẻm,3.5,4.2,Hoàng Mai
12.0,55.0,7.0,5.0,1,1,1,1,Nhà mặt phố,24.0,5.834717791411043,Hà Đông
10.2,37.0,5.0,3.0,1,1,1,1,Nhà trong hẻm,5.0,3.6,Long Biên
13.0,35.0,4.0,4.0,0,0,0,0,Nhà trong hẻm,2.0,5.834717791411043,Đống Đa
45.0,96.0,6.0,6.0,1,1,1,1,Nhà mặt phố,30.0,5.834717791411043,Nam Từ Liêm
30.0,90.0,4.0,4.0,1,1,1,1,Nhà mặt phố,9.0,6.0,Hoàng Mai
6.9,32.0,5.0,4.0,1,1,1,0,Nhà trong hẻm,8.498443223443223,5.834717791411043,Cầu Giấy
60.0,200.0,4.0,4.0,0,0,0,0,Nhà mặt phố,10.0,7.0,Cầu Giấy
2.25,79.0,5.0,5.0,0,0,0,0,Nhà mặt phố,5.0,5.0,Ngoại thành
7.5,34.0,5.0,3.0,0,0,0,0,Nhà trong hẻm,3.0,5.834717791411043,Cầu Giấy
8.0,138.0,1.0,5.0,0,0,0,0,Nhà mặt phố,6.0,5.0,Đông Anh
8.3,30.0,6.0,3.0,1,1,1,0,Nhà trong hẻm,3.0,3.2,Nam Từ Liêm
50.0,172.0,4.0,4.0,1,1,1,1,Nhà mặt phố,15.0,15.0,Tây Hồ
4.05,85.0,6.0,6.0,0,0,0,1,Nhà mặt phố,15.0,6.0,Nam Từ Liêm
8.3,34.0,6.0,4.0,0,0,0,0,Nhà trong hẻm,3.0,4.0,Hoàng Mai
16.3,68.0,7.0,20.0,0,0,0,0,Nhà trong hẻm,2.5,5.5,Hoàng Mai
12.0,92.0,3.0,4.0,0,0,0,0,Nhà trong hẻm,5.0,5.0,Long Biên
15.9,36.0,4.0,4.0,0,0,0,0,Nhà mặt phố,8.0,3.2,Đống Đa
20.0,371.0,3.0,4.0,0,0,0,0,Nhà mặt phố,16.0,5.834717791411043,Hoàng Mai
17.3,50.0,6.0,4.0,1,1,0,1,Nhà trong hẻm,4.0,4.1,Hoàng Mai
8.25,85.0,5.0,5.0,0,0,0,0,Nhà mặt phố,10.0,5.0,Đông Anh
9.7,42.0,5.0,5.0,1,1,1,1,Nhà trong hẻm,3.0,4.5,Ba Đình
9.0,40.0,5.0,5.0,0,0,0,0,Nhà trong hẻm,1.5,5.834717791411043,Thanh Xuân
20.0,100.0,5.0,5.0,0,0,0,1,Nhà mặt phố,5.0,5.0,Long Biên
15.2,38.0,6.0,6.0,1,1,1,1,Nhà trong hẻm,4.0,3.5,Cầu Giấy
13.5,180.0,5.0,5.0,1,1,1,1,Nhà mặt phố,30.0,12.0,Ngoại thành
65.0,310.0,6.0,5.0,0,0,0,0,Nhà mặt phố,6.0,5.834717791411043,Ba Đình
100.0,303.0,3.0,6.0,1,1,1,1,Nhà mặt phố,20.0,12.0,Hoàn Kiếm
11.8,59.0,7.0,4.0,1,1,1,1,Nhà trong hẻm,5.0,5.834717791411043,Long Biên
98.5,96.0,9.0,3.0,0,0,0,0,Nhà mặt phố,30.0,20.0,Thanh Xuân
6.6,33.0,5.0,3.0,1,1,1,0,Nhà trong hẻm,2.5,3.2,Hà Đông
15.9,65.0,7.0,9.0,1,1,1,1,Nhà mặt phố,6.0,5.834717791411043,Tây Hồ
3.48,45.0,5.0,5.0,0,0,0,0,Nhà mặt phố,4.0,3.99,Đông Anh
13.8,68.0,3.0,4.0,1,1,1,0,Nhà mặt phố,25.0,4.9,Đống Đa
9.0,50.0,5.0,6.0,1,1,1,0,Nhà trong hẻm,2.5,5.0,Nam Từ Liêm
19.5,60.0,4.0,4.0,1,1,1,1,Nhà mặt phố,6.0,5.834717791411043,Cầu Giấy
18.8,110.0,5.0,4.0,0,0,0,0,Nhà mặt phố,25.0,5.0,Gia Lâm
29.0,60.0,5.0,6.0,1,1,1,1,Nhà trong hẻm,12.0,5.0,Cầu Giấy
56.0,227.0,4.0,6.0,1,1,1,1,Nhà mặt phố,25.0,29.0,Nam Từ Liêm
6.8,35.0,5.0,4.0,0,0,0,0,Nhà trong hẻm,4.0,5.834717791411043,Bắc Từ Liêm
15.9,180.0,5.0,5.0,0,0,0,1,Nhà mặt phố,8.0,11.3,Ngoại thành
10.509,41.0,5.0,6.0,0,0,0,0,Nhà mặt phố,20.0,5.834717791411043,Bắc Từ Liêm
4.0,35.0,5.0,3.0,0,0,0,0,Nhà trong hẻm,3.0,5.834717791411043,Long Biên
24.8,60.0,3.0,3.0,0,0,0,0,Nhà mặt phố,25.0,5.834717791411043,Long Biên
56.5,135.0,1.0,1.0,1,1,1,1,Nhà mặt phố,25.0,7.2,Cầu Giấy
12.0,40.0,7.0,4.0,1,1,1,0,Nhà trong hẻm,2.5,5.834717791411043,Long Biên
26.0,108.0,2.0,4.0,1,1,1,1,Nhà mặt phố,20.0,5.0,Hai Bà Trưng
8.0,65.0,5.0,5.0,0,0,0,0,Nhà mặt phố,8.0,4.5,Đông Anh
16.8,42.0,6.0,4.0,0,0,0,0,Nhà trong hẻm,5.0,5.834717791411043,Ba Đình
10.8,40.0,7.0,10.0,1,1,1,1,Nhà trong hẻm,3.0,5.0,Ba Đình
5.25,35.0,5.0,3.0,1,1,1,0,Nhà trong hẻm,2.5,3.4,Hà Đông
11.6,45.0,7.0,12.0,0,0,0,0,Nhà mặt phố,3.0,5.834717791411043,Ngoại thành
1.65,47.0,5.0,5.0,0,0,0,0,Nhà mặt phố,4.0,4.5,Ngoại thành
12.0,45.0,5.0,4.0,1,1,1,1,Nhà trong hẻm,6.0,4.0,Cầu Giấy
5.4,31.0,4.0,5.0,1,1,1,0,Nhà trong hẻm,6.0,6.5,Hai Bà Trưng
15.5,56.0,5.0,4.0,1,1,1,1,Nhà trong hẻm,8.0,4.0,Ba Đình
19.5,47.0,5.0,6.0,1,1,1,1,Nhà mặt phố,5.0,5.834717791411043,Thanh Xuân
10.8,41.0,6.0,10.0,0,0,0,0,Nhà trong hẻm,4.0,3.5,Thanh Xuân
1.75,83.0,5.0,5.0,0,0,0,0,Nhà mặt phố,5.0,5.0,Ngoại thành
16.5,105.0,4.0,4.0,1,1,1,1,Nhà trong hẻm,4.0,4.2,Tây Hồ
2.1,66.0,5.0,5.0,0,0,0,0,Nhà mặt phố,4.0,4.6,Ngoại thành
6.799,36.0,4.0,3.0,0,0,0,0,Nhà mặt phố,4.0,4.0,Hai Bà Trưng
9.6,74.0,6.0,8.0,0,0,0,0,Nhà trong hẻm,2.5,6.0,Tây Hồ
9.4,72.0,3.0,2.0,0,0,0,0,Nhà mặt phố,6.0,5.834717791411043,Ngoại thành
5.75,42.0,5.0,5.0,0,0,0,0,Nhà mặt phố,3.4,5.834717791411043,Nam Từ Liêm
2.75,15.0,4.0,3.0,0,0,0,0,Nhà trong hẻm,3.0,3.0,Hai Bà Trưng
11.8,40.0,6.0,3.0,0,0,0,0,Nhà mặt phố,4.0,5.834717791411043,Cầu Giấy
45.0,100.0,7.0,6.0,1,1,1,1,Nhà mặt phố,20.0,5.5,Cầu Giấy
4.8,60.0,5.0,5.0,0,0,0,0,Nhà mặt phố,4.5,6.5,Đông Anh
14.8,52.0,1.0,2.0,0,0,0,1,Nhà trong hẻm,5.0,10.0,Hai Bà Trưng
4.4,52.0,1.0,1.0,0,0,0,0,Nhà trong hẻm,3.0,5.0,Gia Lâm
3.95,59.0,4.0,3.0,1,1,1,0,Nhà trong hẻm,2.0,4.0,Ngoại thành
23.5,55.0,7.0,5.0,1,1,1,1,Nhà trong hẻm,4.0,8.0,Đống Đa
17.95,40.0,5.0,3.0,0,0,0,0,Nhà mặt phố,36.0,5.834717791411043,Hai Bà Trưng
5.5,25.0,5.0,3.0,1,1,1,1,Nhà trong hẻm,4.0,5.0,Đống Đa
4.08,45.0,1.0,2.0,1,1,1,1,Căn hộ chung cư,8.498443223443223,5.834717791411043,Ba Đình
25.9,88.0,8.0,16.0,1,1,1,1,Nhà trong hẻm,3.5,8.0,Thanh Xuân
8.5,40.0,6.0,4.0,1,1,1,1,Nhà trong hẻm,3.5,9.0,Tây Hồ
12.0,63.0,5.0,3.0,0,0,0,0,Nhà trong hẻm,2.0,5.834717791411043,Đống Đa
13.0,50.0,6.0,9.0,0,0,0,0,Nhà trong hẻm,3.0,4.7,Cầu Giấy
11.9,40.0,5.0,3.0,0,0,0,0,Nhà trong hẻm,3.0,2.9,Hai Bà Trưng
14.5,45.0,5.0,6.0,1,1,1,1,Nhà mặt phố,20.0,4.0,Ba Đình
19.9,90.0,7.0,17.0,1,1,1,1,Nhà mặt phố,3.0,6.0,Bắc Từ Liêm
4.4,32.0,5.0,3.0,1,1,1,1,Nhà trong hẻm,3.0,3.15,Ngoại thành
68.0,175.0,6.0,6.0,1,1,1,1,Nhà mặt phố,20.0,5.5,Hai Bà Trưng
4.5,31.0,4.0,4.0,0,0,0,0,Nhà trong hẻm,2.5,3.5,Hà Đông
10.6,40.0,5.0,6.0,1,1,1,1,Nhà trong hẻm,5.0,3.4,Hà Đông
8.5,30.0,6.0,4.0,0,0,0,0,Nhà trong hẻm,5.0,5.4,Hoàng Mai
22.0,80.0,4.0,4.0,1,1,1,1,Nhà trong hẻm,6.0,5.834717791411043,Tây Hồ
25.0,86.0,2.0,3.0,1,1,1,1,Nhà trong hẻm,20.0,5.5,Hai Bà Trưng
34.5,70.0,7.0,4.0,1,1,1,1,Nhà mặt phố,45.0,5.2,Cầu Giấy
14.0,40.0,6.0,3.0,0,0,0,0,Nhà trong hẻm,4.0,4.0,Thanh Xuân
45.0,160.0,4.0,6.0,1,1,1,1,Nhà mặt phố,25.0,13.0,Cầu Giấy
15.1,60.0,5.0,5.0,0,0,0,0,Nhà mặt phố,18.0,5.834717791411043,Hà Đông
33.15,139.0,4.0,4.0,0,0,0,0,Nhà mặt phố,8.5,5.834717791411043,Hà Đông
7.7,42.0,1.0,1.0,1,1,1,1,Nhà trong hẻm,2.0,3.2,Hai Bà Trưng
18.9,52.0,5.0,4.0,1,1,1,1,Nhà trong hẻm,5.0,5.3,Thanh Xuân
18.5,55.0,7.0,12.0,1,1,1,1,Nhà trong hẻm,5.0,3.8,Cầu Giấy
47.5,210.0,4.0,3.0,0,0,0,0,Nhà trong hẻm,6.0,5.834717791411043,Đống Đa
9.1,37.0,5.0,3.0,1,1,1,1,Nhà mặt phố,4.0,5.5,Cầu Giấy
15.28,70.0,4.0,4.0,1,1,1,1,Nhà trong hẻm,5.0,4.0,Long Biên
4.3,69.0,5.0,5.0,0,0,0,0,Nhà mặt phố,3.5,5.4,Đông Anh
24.0,95.0,6.0,7.0,0,0,0,0,Nhà mặt phố,18.0,5.834717791411043,Ngoại thành
8.8,42.0,4.0,4.0,1,1,1,1,Nhà mặt phố,4.0,3.3,Long Biên
4.8,50.0,5.0,5.0,0,0,0,0,Nhà mặt phố,6.0,5.2,Ngoại thành
49.8,360.0,1.0,1.0,1,1,1,1,Nhà mặt phố,10.0,11.0,Tây Hồ
7.9,30.0,5.0,3.0,1,1,1,0,Nhà trong hẻm,2.5,3.6,Ba Đình
69.0,128.0,4.0,5.0,1,1,1,1,Nhà mặt phố,5.0,7.6,Tây Hồ
4.35,52.0,5.0,5.0,0,0,0,0,Nhà mặt phố,3.0,3.9,Đông Anh
11.6,53.0,5.0,8.0,1,1,1,0,Nhà mặt phố,8.498443223443223,5.834717791411043,Thanh Xuân
45.999,180.0,2.0,4.0,1,1,0,1,Nhà mặt phố,12.0,8.0,Long Biên
19.0,45.0,7.0,5.0,0,0,0,0,Nhà trong hẻm,6.0,4.0,Hai Bà Trưng
13.1,44.0,5.0,3.0,1,1,1,0,Nhà trong hẻm,2.5,5.834717791411043,Long Biên
15.0,46.0,1.0,2.0,1,1,1,1,Nhà trong hẻm,6.0,5.834717791411043,Cầu Giấy
22.9,79.0,5.0,5.0,1,1,1,1,Nhà trong hẻm,3.5,5.2,Ba Đình
65.0,200.0,4.0,5.0,0,0,0,0,Nhà mặt phố,10.0,10.0,Nam Từ Liêm
12.6,85.0,5.0,5.0,0,0,0,0,Nhà mặt phố,8.498443223443223,5.834717791411043,Nam Từ Liêm
2.6,57.0,5.0,5.0,0,0,0,0,Nhà mặt phố,3.0,5.0,Ngoại thành
16.3,56.0,7.0,16.0,1,1,1,1,Nhà trong hẻm,10.0,5.6,Cầu Giấy
5.8,28.0,5.0,3.0,1,1,1,0,Nhà trong hẻm,2.5,3.0,Hoàng Mai
6.95,40.0,6.0,4.0,1,1,1,1,Nhà trong hẻm,3.0,5.834717791411043,Hoàng Mai
8.6,35.0,4.0,4.0,1,1,1,0,Nhà trong hẻm,3.0,5.834717791411043,Cầu Giấy
44.0,248.0,2.0,2.0,1,1,1,1,Nhà mặt phố,25.0,9.5,Ba Đình
18.5,53.0,4.0,4.0,0,0,0,0,Nhà mặt phố,10.0,5.834717791411043,Hoàng Mai
65.0,210.0,4.0,6.0,1,1,1,1,Nhà mặt phố,15.0,15.0,Nam Từ Liêm
9.5,55.0,5.0,5.0,0,0,0,0,Nhà mặt phố,3.0,6.0,Long Biên
1.68,45.0,5.0,5.0,0,0,0,0,Nhà mặt phố,3.0,5.834717791411043,Ngoại thành
13.0,70.0,4.0,4.0,1,1,1,1,Nhà trong hẻm,4.0,4.96,Bắc Từ Liêm
6.15,35.0,5.0,4.0,1,1,1,0,Nhà trong hẻm,6.0,3.0,Hoàng Mai
12.5,67.0,7.0,18.0,0,0,0,0,Nhà mặt phố,3.0,5.834717791411043,Nam Từ Liêm
2.7,50.0,4.0,2.0,1,1,1,0,Căn hộ chung cư,8.498443223443223,4.0,Hai Bà Trưng
15.5,66.0,7.0,11.0,1,1,1,1,Nhà mặt phố,7.0,5.834717791411043,Hoàng Mai
7.25,190.0,4.0,4.0,1,1,1,1,Nhà trong hẻm,2.0,5.834717791411043,Hà Đông
29.0,86.0,9.0,15.0,1,1,1,1,Nhà trong hẻm,1.0,4.2,Cầu Giấy
30.9,89.0,7.0,4.0,0,0,0,0,Nhà mặt phố,7.0,3.8,Long Biên
5.85,75.0,5.0,5.0,0,0,0,0,Nhà mặt phố,5.0,5.0,Đông Anh
66.9,75.0,6.0,5.0,1,1,1,1,Nhà mặt phố,10.0,6.2,Tây Hồ
9.8,45.0,5.0,4.0,0,0,0,0,Nhà trong hẻm,4.0,5.834717791411043,Hà Đông
14.5,52.0,5.0,4.0,1,1,1,1,Nhà mặt phố,14.0,4.0,Hà Đông
14.0,36.0,6.0,3.0,0,0,0,0,Nhà trong hẻm,3.0,5.834717791411043,Thanh Xuân
58.5,255.0,6.0,4.0,0,0,0,0,Nhà mặt phố,8.0,9.5,Cầu Giấy
20.5,50.0,4.0,5.0,1,1,1,1,Nhà mặt phố,8.0,6.3,Cầu Giấy
29.0,70.0,5.0,6.0,1,1,1,1,Nhà trong hẻm,12.0,5.0,Cầu Giấy
19.5,60.0,3.0,4.0,1,1,1,1,Nhà trong hẻm,5.0,4.4,Cầu Giấy
5.5,72.0,5.0,5.0,0,0,0,0,Nhà mặt phố,8.498443223443223,4.5,Ngoại thành
15.8,65.0,4.0,4.0,1,1,1,1,Nhà mặt phố,4.0,7.9,Bắc Từ Liêm
5.15,86.0,11.0,2.0,0,0,0,0,Căn hộ chung cư,8.498443223443223,5.834717791411043,Nam Từ Liêm
4.0,40.0,3.0,3.0,1,1,1,1,Nhà trong hẻm,5.0,5.834717791411043,Long Biên
25.8,50.0,6.0,3.0,1,1,1,1,Nhà trong hẻm,6.0,4.6,Cầu Giấy
16.6,64.0,5.0,4.0,1,1,1,1,Nhà mặt phố,6.0,5.834717791411043,Long Biên
6.15,43.0,4.0,2.0,0,0,0,0,Nhà trong hẻm,2.2,5.0,Hai Bà Trưng
35.0,150.0,4.0,4.0,0,0,0,0,Nhà mặt phố,8.5,5.834717791411043,Hà Đông
16.9,60.0,7.0,17.0,0,0,0,0,Nhà trong hẻm,2.9,5.834717791411043,Cầu Giấy
31.0,145.0,5.0,4.0,1,1,1,1,Nhà mặt phố,21.0,12.0,Nam Từ Liêm
1.55,70.0,2.0,2.0,1,1,0,0,Nhà trong hẻm,3.0,5.834717791411043,Bắc Từ Liêm
13.0,60.0,6.0,13.0,0,0,0,0,Nhà mặt phố,8.498443223443223,4.5,Cầu Giấy
11.0,40.0,6.0,4.0,0,0,0,0,Nhà mặt phố,3.5,4.0,Cầu Giấy
24.85,77.0,7.0,18.0,0,0,0,0,Nhà trong hẻm,4.0,5.834717791411043,Đống Đa
10.9,40.0,4.0,3.0,0,0,0,0,Nhà mặt phố,40.0,5.0,Long Biên
20.5,86.0,7.0,4.0,1,1,1,1,Nhà mặt phố,20.0,4.7,Đống Đa
8.4,35.0,5.0,3.0,0,0,0,0,Nhà trong hẻm,3.0,5.834717791411043,Hoàng Mai
5.65,79.0,5.0,5.0,0,0,0,0,Nhà mặt phố,4.0,8.0,Ngoại thành
10.0,150.0,5.0,5.0,0,0,0,0,Nhà mặt phố,5.0,5.83,Đông Anh
45.8,100.0,5.0,5.0,1,1,1,1,Nhà mặt phố,20.0,6.0,Cầu Giấy
9.2,50.0,6.0,9.0,1,1,1,0,Nhà trong hẻm,3.0,3.4,Hà Đông
38.9,80.0,6.0,4.0,1,1,1,1,Nhà mặt phố,10.0,5.0,Đống Đa
17.8,95.0,6.0,18.0,0,0,0,0,Nhà mặt phố,3.5,6.0,Bắc Từ Liêm
2.0,80.0,5.0,5.0,0,0,0,0,Nhà mặt phố,6.0,5.834717791411043,Ngoại thành
11.2,54.0,5.0,7.0,0,0,0,0,Nhà trong hẻm,3.0,5.834717791411043,Bắc Từ Liêm
8.5,44.0,5.0,4.0,0,0,0,0,Nhà trong hẻm,3.0,5.834717791411043,Ba Đình
7.0,38.0,5.0,4.0,1,1,1,1,Nhà trong hẻm,4.0,5.0,Hoàng Mai
9.8,43.0,5.0,7.0,1,1,1,1,Nhà trong hẻm,4.0,4.1,Cầu Giấy
61.5,200.0,1.0,1.0,1,1,1,1,Nhà mặt phố,25.0,8.5,Thanh Xuân
12.0,45.0,2.0,2.0,1,1,1,1,Nhà mặt phố,5.0,5.834717791411043,Hà Đông
13.1,46.0,6.0,3.0,0,0,0,0,Nhà trong hẻm,3.0,3.6,Long Biên
5.8,35.0,5.0,3.0,0,0,0,0,Nhà trong hẻm,2.0,5.834717791411043,Hoàng Mai
32.0,100.0,8.0,20.0,1,1,1,1,Nhà trong hẻm,4.0,8.0,Thanh Xuân
7.6,40.0,6.0,4.0,0,0,0,0,Nhà trong hẻm,5.0,5.834717791411043,Bắc Từ Liêm
9.9,40.0,5.0,6.0,0,0,0,0,Nhà trong hẻm,2.5,5.834717791411043,Đống Đa
32.0,70.0,5.0,6.0,1,1,1,1,Nhà mặt phố,20.0,4.3,Ba Đình
7.15,32.0,4.0,4.0,1,1,1,1,Nhà trong hẻm,3.0,5.0,Hoàng Mai
9.3,41.0,5.0,4.0,1,1,1,1,Nhà trong hẻm,4.0,4.0,Long Biên
13.0,62.0,6.0,4.0,0,0,0,0,Nhà trong hẻm,3.5,5.834717791411043,Long Biên
20.0,40.0,4.0,4.0,0,0,0,0,Nhà trong hẻm,5.0,5.834717791411043,Cầu Giấy
4.85,60.0,5.0,5.0,0,0,0,0,Nhà mặt phố,5.0,9.5,Gia Lâm
1.25,66.0,5.0,5.0,0,0,0,0,Nhà mặt phố,5.0,5.834717791411043,Ngoại thành
21.9,62.0,6.0,6.0,0,0,0,0,Nhà trong hẻm,4.0,4.2,Ba Đình
13.5,85.0,4.0,6.0,1,1,1,1,Nhà trong hẻm,6.0,5.834717791411043,Long Biên
3.85,49.0,5.0,5.0,0,0,0,0,Nhà mặt phố,6.0,5.0,Đông Anh
7.49,34.0,5.0,3.0,1,1,1,1,Nhà trong hẻm,2.5,5.0,Cầu Giấy
6.4,45.0,6.0,3.0,0,0,0,0,Nhà trong hẻm,2.0,4.2,Long Biên
6.0,32.0,5.0,4.0,0,0,0,0,Nhà mặt phố,4.0,4.0,Hoàng Mai
92.0,180.0,6.0,10.0,1,1,1,1,Nhà mặt phố,20.0,7.0,Tây Hồ
8.26,38.0,6.0,10.0,1,1,1,0,Nhà mặt phố,8.498443223443223,5.834717791411043,Nam Từ Liêm
29.2,73.0,5.0,7.0,0,0,0,0,Nhà trong hẻm,7.0,5.0,Cầu Giấy
15.05,43.0,4.0,4.0,1,1,1,1,Nhà trong hẻm,4.0,4.0,Đống Đa
10.4,40.0,4.0,3.0,0,0,0,0,Nhà mặt phố,10.0,3.5,Hoàng Mai
30.0,110.0,9.0,16.0,1,1,1,1,Nhà mặt phố,20.0,5.5,Hai Bà Trưng
18.5,42.0,7.0,8.0,0,0,0,0,Nhà mặt phố,30.0,5.0,Hoàng Mai
38.0,120.0,10.0,14.0,1,1,1,0,Nhà mặt phố,7.0,10.0,Ba Đình
15.5,55.0,8.0,13.0,0,0,0,0,Nhà mặt phố,3.0,4.0,Thanh Xuân
20.5,76.0,4.0,4.0,1,1,1,1,Nhà mặt phố,6.0,4.5,Nam Từ Liêm
7.7,36.0,6.0,4.0,0,0,0,0,Nhà mặt phố,3.2,4.6,Ba Đình
21.8,50.0,5.0,4.0,0,0,0,0,Nhà mặt phố,18.0,5.834717791411043,Hà Đông
78.9,124.0,3.0,2.0,1,1,1,1,Nhà mặt phố,5.0,5.83,Hoàn Kiếm
2.82,47.0,5.0,5.0,0,0,0,0,Nhà mặt phố,3.0,4.3,Đông Anh
13.5,50.0,4.0,4.0,1,1,0,1,Nhà mặt phố,6.0,3.0,Tây Hồ
21.0,104.0,3.0,4.0,0,0,0,0,Nhà mặt phố,8.0,8.1,Long Biên
18.0,80.0,5.0,4.0,1,1,1,1,Nhà mặt phố,20.0,4.0,Đống Đa
37.5,75.0,8.0,5.0,1,1,1,1,Nhà mặt phố,15.0,6.0,Cầu Giấy
18.9,100.0,1.0,5.0,0,0,0,0,Nhà mặt phố,5.0,10.0,Tây Hồ
12.95,55.0,5.0,5.0,0,0,0,0,Nhà trong hẻm,4.2,4.5,Hà Đông
43.0,120.0,4.0,4.0,1,1,1,1,Nhà mặt phố,15.0,4.0,Thanh Xuân
15.0,73.0,7.0,17.0,0,0,0,0,Nhà mặt phố,3.0,5.834717791411043,Cầu Giấy
7.5,81.0,1.0,2.0,0,0,0,0,Căn hộ chung cư,8.0,5.834717791411043,Bắc Từ Liêm
32.0,90.0,1.0,1.0,1,1,1,1,Nhà mặt phố,50.0,4.6,Long Biên
12.8,55.0,6.0,8.0,0,0,0,0,Nhà trong hẻm,3.0,55.0,Nam Từ Liêm
8.0,48.0,5.0,5.0,0,0,0,0,Nhà mặt phố,5.0,4.8,Hà Đông
26.0,168.0,5.0,5.0,0,0,0,1,Nhà mặt phố,15.0,11.0,Long Biên
23.5,75.0,5.0,6.0,1,1,1,1,Nhà trong hẻm,12.0,5.834717791411043,Ba Đình
40.0,100.0,6.0,8.0,0,0,0,0,Nhà mặt phố,40.0,5.0,Hai Bà Trưng
13.8,50.0,5.0,4.0,0,0,0,0,Nhà trong hẻm,5.0,4.2,Hà Đông
6.98,45.0,4.0,4.0,0,0,0,0,Nhà trong hẻm,2.4,5.834717791411043,Hai Bà Trưng
14.3,36.0,5.0,5.0,0,0,0,0,Nhà trong hẻm,7.0,3.5,Cầu Giấy
10.5,55.0,5.0,11.0,1,1,1,0,Nhà mặt phố,3.0,5.834717791411043,Hoàng Mai
12.5,126.0,4.0,5.0,1,1,1,1,Nhà mặt phố,5.0,8.0,Long Biên
15.5,41.0,5.0,4.0,1,1,1,1,Nhà trong hẻm,3.5,4.1,Đống Đa
3.5,173.0,5.0,5.0,0,0,0,0,Nhà mặt phố,7.0,5.0,Ngoại thành
16.4,76.0,7.0,16.0,1,1,1,1,Nhà mặt phố,15.0,5.0,Hà Đông
1.7,80.0,5.0,5.0,0,0,0,0,Nhà mặt phố,3.0,5.6,Ngoại thành
5.6,31.0,5.0,3.0,0,0,1,0,Nhà trong hẻm,2.0,3.9,Bắc Từ Liêm
3.6,40.0,5.0,5.0,0,0,0,0,Nhà mặt phố,4.0,5.5,Gia Lâm
3.3,48.0,5.0,5.0,0,0,0,0,Nhà mặt phố,3.0,4.0,Đông Anh
5.2,36.0,4.0,5.0,0,0,0,0,Nhà trong hẻm,5.0,5.834717791411043,Bắc Từ Liêm
38.5,204.0,5.0,5.0,0,0,0,0,Nhà mặt phố,4.0,12.0,Cầu Giấy
3.0,47.0,1.0,5.0,0,0,0,0,Nhà mặt phố,8.0,4.7,Đông Anh
31.5,80.0,5.0,6.0,0,0,0,0,Nhà mặt phố,6.0,5.834717791411043,Đống Đa
18.6,52.0,6.0,4.0,1,1,1,1,Nhà mặt phố,5.0,5.834717791411043,Hoàng Mai
11.0,60.0,7.0,11.0,0,0,0,0,Nhà trong hẻm,3.0,4.0,Nam Từ Liêm
6.8,33.0,7.0,4.0,1,1,1,0,Nhà mặt phố,3.0,3.7,Bắc Từ Liêm
11.6,45.0,6.0,5.0,0,0,0,0,Nhà trong hẻm,5.0,4.0,Cầu Giấy
6.8,111.0,1.0,3.0,1,1,1,1,Căn hộ chung cư,2.4,5.0,Thanh Xuân
9.0,50.0,1.0,3.0,1,1,1,1,Nhà trong hẻm,4.0,4.6,Nam Từ Liêm
11.9,45.0,4.0,4.0,1,1,1,1,Nhà mặt phố,12.0,5.834717791411043,Long Biên
5.9,28.0,5.0,3.0,1,1,1,0,Nhà trong hẻm,2.0,3.0,Ba Đình
6.95,35.0,5.0,3.0,1,1,1,0,Nhà mặt phố,3.0,4.0,Tây Hồ
12.5,58.0,4.0,4.0,1,1,1,0,Nhà trong hẻm,2.5,4.0,Nam Từ Liêm
2.8,100.0,5.0,5.0,0,0,0,0,Nhà mặt phố,3.5,4.5,Đông Anh
55.0,98.0,8.0,7.0,0,0,0,0,Nhà mặt phố,16.0,5.834717791411043,Thanh Xuân
15.8,80.0,7.0,16.0,0,0,0,0,Nhà mặt phố,8.498443223443223,5.834717791411043,Cầu Giấy
22.5,112.0,6.0,5.0,1,1,1,1,Nhà trong hẻm,6.0,5.834717791411043,Long Biên
17.9,45.0,6.0,6.0,1,1,1,1,Nhà trong hẻm,4.0,4.1,Đống Đa
8.5,45.0,5.0,5.0,0,0,0,0,Nhà mặt phố,3.0,3.2,Gia Lâm
7.5,45.0,4.0,4.0,1,1,1,0,Nhà mặt phố,4.0,5.0,Long Biên
80.0,325.0,5.0,6.0,1,1,1,1,Nhà mặt phố,12.0,13.0,Cầu Giấy
9.2,29.0,5.0,4.0,1,1,1,0,Nhà trong hẻm,5.0,5.4,Đống Đa
22.0,50.0,4.0,2.0,0,0,0,0,Nhà trong hẻm,4.0,5.834717791411043,Đống Đa
12.0,57.0,6.0,7.0,0,0,0,0,Nhà trong hẻm,2.5,5.834717791411043,Thanh Xuân
27.9,90.0,8.0,18.0,1,1,1,1,Nhà mặt phố,10.0,4.5,Thanh Xuân
34.0,180.0,4.0,5.0,1,1,1,1,Nhà mặt phố,35.0,15.0,Nam Từ Liêm
47.0,192.0,8.0,6.0,1,1,1,1,Nhà mặt phố,40.0,5.834717791411043,Thanh Xuân
7.5,48.0,5.0,8.0,0,0,0,0,Nhà trong hẻm,2.2,5.0,Hai Bà Trưng
4.35,76.0,1.0,2.0,0,0,0,0,Căn hộ chung cư,8.498443223443223,10.0,Hoàng Mai
3.65,74.0,1.0,3.0,1,1,0,0,Căn hộ chung cư,8.498443223443223,5.834717791411043,Hoàng Mai
15.8,92.0,4.0,4.0,1,1,1,1,Nhà trong hẻm,2.0,4.3,Đống Đa
25.5,100.0,5.0,4.0,0,0,0,0,Nhà mặt phố,18.0,5.0,Hà Đông
32.5,76.0,7.0,8.0,0,0,0,0,Nhà trong hẻm,8.0,5.0,Cầu Giấy
9.4,50.0,5.0,5.0,0,0,0,0,Nhà mặt phố,15.0,4.0,Hà Đông
13.8,91.0,3.0,4.0,0,0,0,0,Nhà trong hẻm,5.0,5.0,Tây Hồ
8.2,42.0,4.0,4.0,0,0,0,0,Nhà trong hẻm,3.0,5.834717791411043,Tây Hồ
10.5,80.0,5.0,10.0,1,0,1,1,Nhà trong hẻm,2.5,7.0,Đống Đa
50.0,171.0,3.0,4.0,0,0,0,0,Nhà trong hẻm,3.0,15.0,Tây Hồ
52.0,120.0,10.0,14.0,1,1,1,1,Nhà mặt phố,25.0,6.2,Tây Hồ
8.0,40.0,5.0,8.0,1,1,1,1,Nhà mặt phố,5.0,4.0,Hà Đông
15.8,41.0,6.0,4.0,0,0,0,0,Nhà trong hẻm,5.0,5.834717791411043,Cầu Giấy
42.0,206.0,4.0,4.0,0,0,0,0,Nhà trong hẻm,6.0,9.0,Đống Đa
29.0,120.0,5.0,5.0,1,1,1,1,Nhà mặt phố,10.0,8.0,Tây Hồ
5.95,41.0,5.0,5.0,0,0,0,0,Nhà mặt phố,6.0,6.72,Ngoại thành
20.0,68.0,4.0,2.0,0,0,0,0,Nhà mặt phố,25.0,4.5,Gia Lâm
6.4,115.0,5.0,5.0,0,0,0,0,Nhà mặt phố,3.5,5.0,Đông Anh
28.5,80.0,6.0,4.0,1,1,1,1,Nhà trong hẻm,5.0,4.4,Cầu Giấy
33.9,95.0,4.0,6.0,1,1,1,1,Nhà mặt phố,25.0,5.0,Cầu Giấy
11.5,52.0,2.0,3.0,0,0,0,0,Nhà trong hẻm,5.0,5.834717791411043,Hà Đông
97.0,300.0,5.0,5.0,0,0,0,0,Nhà mặt phố,30.0,10.0,Tây Hồ
8.7,38.0,4.0,4.0,1,1,1,0,Nhà trong hẻm,2.0,7.0,Cầu Giấy
2.5,90.0,4.0,4.0,1,1,1,1,Nhà mặt phố,20.0,4.9,Hoàng Mai
17.9,60.0,5.0,5.0,0,0,0,0,Nhà mặt phố,10.0,5.0,Hoàng Mai
41.0,60.0,3.0,3.0,1,1,1,1,Nhà mặt phố,13.0,5.0,Hoàn Kiếm
15.5,45.0,4.0,4.0,0,0,0,0,Nhà mặt phố,6.0,5.0,Hoàng Mai
19.5,80.0,5.0,5.0,0,0,0,0,Nhà mặt phố,7.0,5.834717791411043,Hà Đông
22.5,70.0,5.0,4.0,1,1,1,0,Nhà trong hẻm,8.498443223443223,5.834717791411043,Hai Bà Trưng
5.68,30.0,4.0,3.0,0,0,0,0,Nhà trong hẻm,3.0,5.834717791411043,Đống Đa
15.0,200.0,1.0,10.0,1,1,1,1,Nhà mặt phố,6.0,5.834717791411043,Ngoại thành
26.0,60.0,5.0,4.0,0,0,0,0,Nhà trong hẻm,5.0,5.834717791411043,Đống Đa
14.0,50.0,7.0,4.0,1,1,0,1,Nhà trong hẻm,4.0,5.834717791411043,Long Biên
28.5,45.0,6.0,3.0,1,1,1,1,Nhà mặt phố,40.0,6.2,Long Biên
6.9,60.0,3.0,3.0,0,0,0,0,Nhà mặt phố,3.0,5.834717791411043,Bắc Từ Liêm
6.6,40.0,5.0,4.0,0,1,1,0,Nhà trong hẻm,3.0,5.834717791411043,Hoàng Mai
16.5,66.0,7.0,14.0,1,1,1,1,Nhà mặt phố,3.0,5.834717791411043,Hoàng Mai
9.0,48.0,6.0,8.0,1,1,1,0,Nhà mặt phố,3.0,4.0,Cầu Giấy
13.5,65.0,5.0,5.0,0,0,0,0,Nhà mặt phố,8.498443223443223,5.834717791411043,Đống Đa
5.65,32.0,5.0,3.0,0,0,0,0,Nhà trong hẻm,3.0,5.834717791411043,Hà Đông
12.8,50.0,4.0,4.0,0,0,0,0,Nhà trong hẻm,10.0,4.3,Hà Đông
5.0,46.0,5.0,3.0,1,1,1,0,Nhà trong hẻm,2.5,3.3,Hà Đông
90.0,210.0,5.0,6.0,1,1,1,1,Nhà mặt phố,25.0,6.0,Ba Đình
15.5,55.0,7.0,12.0,1,1,1,1,Nhà trong hẻm,4.0,4.0,Cầu Giấy
34.5,80.0,5.0,5.0,0,0,0,0,Nhà mặt phố,20.0,5.0,Cầu Giấy
6.9,39.0,6.0,3.0,1,1,1,0,Nhà trong hẻm,3.0,3.0,Hoàng Mai
98.0,266.0,7.0,4.0,0,0,0,0,Nhà mặt phố,10.0,10.0,Nam Từ Liêm
6.98,36.0,4.0,3.0,0,0,0,0,Nhà trong hẻm,2.0,3.5,Cầu Giấy
5.6,25.0,4.0,3.0,1,1,1,0,Nhà mặt phố,6.0,5.834717791411043,Hai Bà Trưng
12.0,39.0,5.0,3.0,0,0,0,0,Nhà trong hẻm,4.0,5.834717791411043,Hai Bà Trưng
8.5,45.0,5.0,6.0,1,1,1,0,Nhà trong hẻm,4.0,4.4,Nam Từ Liêm
2.9,54.0,1.0,2.0,1,1,0,0,Căn hộ chung cư,8.498443223443223,5.834717791411043,Hoàng Mai
17.9,65.0,3.0,4.0,1,1,1,1,Nhà trong hẻm,5.0,5.0,Cầu Giấy
10.0,40.0,6.0,3.0,1,1,1,0,Nhà trong hẻm,3.0,4.0,Thanh Xuân
13.5,67.0,7.0,18.0,0,0,0,0,Nhà mặt phố,3.0,5.834717791411043,Cầu Giấy
26.9,90.0,4.0,4.0,1,1,1,1,Nhà trong hẻm,1.0,5.0,Cầu Giấy
9.3,53.0,5.0,3.0,1,1,1,0,Nhà mặt phố,4.0,5.3,Thanh Xuân
9.1,39.0,5.0,4.0,0,0,0,0,Nhà trong hẻm,2.0,5.834717791411043,Cầu Giấy
78.0,110.0,5.0,5.0,0,0,0,0,Nhà mặt phố,18.0,5.834717791411043,Hai Bà Trưng
6.0,42.0,4.0,5.0,1,1,1,1,Nhà trong hẻm,4.0,3.6,Nam Từ Liêm
9.9,40.0,7.0,12.0,1,1,1,0,Nhà trong hẻm,2.5,4.0,Ngoại thành
7.8,43.0,5.0,3.0,1,1,1,0,Nhà trong hẻm,3.5,5.834717791411043,Hoàng Mai
23.0,52.0,7.0,6.0,1,1,1,1,Nhà trong hẻm,5.0,5.1,Ba Đình
17.6,80.0,8.0,14.0,0,0,0,0,Nhà mặt phố,5.0,5.0,Cầu Giấy
9.5,45.0,4.0,3.0,1,1,1,0,Nhà trong hẻm,3.5,5.0,Cầu Giấy
14.0,55.0,4.0,4.0,0,0,0,0,Nhà mặt phố,4.0,5.834717791411043,Đống Đa
8.2,96.0,5.0,5.0,0,0,0,0,Nhà mặt phố,2.0,8.0,Long Biên
17.0,80.0,5.0,5.0,1,1,1,1,Nhà trong hẻm,4.0,4.3,Thanh Xuân
7.3,40.0,6.0,4.0,1,1,1,1,Nhà trong hẻm,3.0,4.0,Bắc Từ Liêm
1.988,65.0,5.0,5.0,0,0,0,0,Nhà mặt phố,4.0,4.0,Ngoại thành
15.5,60.0,7.0,6.0,1,1,1,1,Nhà mặt phố,20.0,5.0,Hà Đông
5.55,54.0,5.0,3.0,1,1,1,0,Nhà trong hẻm,3.0,5.834717791411043,Long Biên
27.9,111.0,4.0,4.0,1,1,1,1,Nhà trong hẻm,12.0,3.5,Bắc Từ Liêm
16.0,90.0,4.0,6.0,0,0,0,0,Nhà mặt phố,6.0,8.0,Ngoại thành
14.2,54.0,4.0,4.0,1,1,1,0,Nhà trong hẻm,4.0,6.3,Đống Đa
20.0,60.0,3.0,4.0,1,1,1,1,Nhà trong hẻm,15.0,4.0,Hoàng Mai
5.7,23.0,6.0,3.0,0,0,0,0,Nhà trong hẻm,2.0,3.1,Ba Đình
16.5,48.0,6.0,4.0,0,0,0,0,Nhà mặt phố,6.0,4.0,Hà Đông
10.8,45.0,5.0,4.0,1,1,1,1,Nhà trong hẻm,4.0,3.5,Ba Đình
6.75,48.0,4.0,4.0,0,0,0,0,Nhà trong hẻm,2.5,4.0,Đống Đa
30.7,65.0,8.0,9.0,1,1,1,1,Nhà mặt phố,6.0,4.8,Cầu Giấy
1.58,75.0,2.0,2.0,0,0,0,0,Căn hộ chung cư,10.0,4.0,Đông Anh
16.0,105.0,2.0,2.0,0,0,0,0,Nhà trong hẻm,5.0,4.5,Thanh Xuân
2.5,33.0,4.0,3.0,1,1,1,1,Nhà mặt phố,3.0,5.834717791411043,Ngoại thành
4.25,121.0,1.0,1.0,0,0,0,0,Nhà mặt phố,5.0,5.5,Ngoại thành
9.8,60.0,5.0,5.0,0,0,0,0,Nhà mặt phố,8.498443223443223,5.834717791411043,Đống Đa
26.99,210.0,5.0,5.0,0,0,0,0,Nhà mặt phố,7.0,5.834717791411043,Long Biên
18.5,60.0,4.0,4.0,1,1,1,1,Nhà mặt phố,10.0,4.0,Cầu Giấy
10.0,150.0,5.0,5.0,0,0,0,0,Nhà mặt phố,5.0,5.83,Đông Anh
16.0,88.0,5.0,5.0,0,0,0,0,Nhà mặt phố,6.0,5.0,Đông Anh
14.6,36.0,6.0,4.0,0,0,0,0,Nhà trong hẻm,5.0,3.8,Thanh Xuân
25.0,80.0,5.0,5.0,1,1,1,1,Nhà mặt phố,25.0,15.0,Đống Đa
7.96,41.0,3.0,5.0,0,0,0,0,Nhà trong hẻm,2.6,4.0,Hà Đông
37.0,64.0,6.0,5.0,0,0,0,0,Nhà mặt phố,30.0,5.834717791411043,Đống Đa
9.7,50.0,5.0,5.0,0,0,0,0,Nhà mặt phố,12.0,5.0,Hà Đông
7.8,46.0,5.0,4.0,0,0,0,0,Nhà mặt phố,4.0,4.0,Thanh Xuân
5.7,36.0,5.0,3.0,0,1,1,0,Nhà trong hẻm,3.0,5.834717791411043,Bắc Từ Liêm
16.0,90.0,7.0,16.0,0,0,0,0,Nhà mặt phố,8.498443223443223,5.834717791411043,Đống Đa
11.4,77.0,5.0,9.0,0,0,0,0,Nhà trong hẻm,3.0,5.834717791411043,Thanh Xuân
6.75,65.0,5.0,4.0,0,0,0,0,Nhà mặt phố,2.0,7.0,Gia Lâm
6.0,30.0,5.0,3.0,0,0,0,1,Nhà trong hẻm,5.0,4.0,Cầu Giấy
32.0,70.0,4.0,6.0,1,1,1,1,Nhà trong hẻm,7.0,5.5,Đống Đa
16.0,110.0,2.0,2.0,1,1,1,0,Nhà trong hẻm,2.5,3.5,Tây Hồ
9.55,43.0,4.0,4.0,0,0,0,0,Nhà trong hẻm,6.0,4.0,Hà Đông
10.75,45.0,3.0,3.0,1,1,1,1,Nhà mặt phố,3.5,4.2,Hà Đông
11.3,36.0,4.0,4.0,0,0,0,0,Nhà mặt phố,3.0,4.7,Đống Đa
7.4,38.0,5.0,3.0,1,1,1,0,Nhà mặt phố,5.0,4.0,Gia Lâm
85.0,109.0,9.0,3.0,0,0,0,0,Nhà mặt phố,20.0,14.0,Hoàng Mai
2.05,35.0,1.0,2.0,1,1,1,1,Căn hộ chung cư,8.498443223443223,5.834717791411043,Ba Đình
18.0,70.0,6.0,8.0,0,0,0,0,Nhà mặt phố,20.0,5.0,Hoàng Mai
3.38,37.0,2.0,2.0,0,0,0,0,Nhà trong hẻm,3.0,3.1,Hoàng Mai
18.2,71.0,5.0,6.0,1,1,1,1,Nhà trong hẻm,6.0,4.0,Thanh Xuân
2.3,65.0,5.0,5.0,0,0,0,0,Nhà mặt phố,4.0,5.834717791411043,Ngoại thành
41.0,120.0,7.0,5.0,1,1,1,1,Nhà mặt phố,10.0,10.5,Cầu Giấy
7.3,38.0,4.0,4.0,1,1,1,0,Nhà trong hẻm,3.0,4.0,Hai Bà Trưng
10.2,48.0,5.0,4.0,1,1,1,0,Nhà trong hẻm,3.0,5.2,Cầu Giấy
3.4,58.0,5.0,5.0,0,0,0,0,Nhà mặt phố,4.0,4.0,Long Biên
24.8,80.0,5.0,5.0,0,0,0,0,Nhà mặt phố,10.0,5.6,Long Biên
95.0,120.0,4.0,6.0,0,0,0,0,Nhà mặt phố,18.0,5.834717791411043,Ba Đình
10.9,41.0,5.0,4.0,0,0,0,0,Nhà trong hẻm,6.0,3.4,Hai Bà Trưng
23.0,46.0,7.0,1.0,0,0,0,0,Nhà trong hẻm,7.0,5.834717791411043,Đống Đa
60.0,250.0,1.0,1.0,0,0,0,0,Nhà trong hẻm,5.0,14.0,Tây Hồ
6.35,46.0,1.0,1.0,0,0,0,0,Nhà trong hẻm,3.0,4.0,Gia Lâm
5.65,30.0,5.0,3.0,0,0,0,0,Nhà trong hẻm,8.498443223443223,5.834717791411043,Long Biên
45.0,100.0,10.0,8.0,0,0,0,0,Nhà mặt phố,20.0,5.5,Thanh Xuân
7.85,38.0,5.0,3.0,1,1,1,0,Nhà trong hẻm,3.0,5.834717791411043,Tây Hồ
69.0,340.0,5.0,8.0,1,1,1,1,Nhà mặt phố,12.0,10.0,Đống Đa
5.6,32.0,5.0,3.0,1,1,1,0,Nhà trong hẻm,2.5,3.4,Hà Đông
4.7,80.0,1.0,2.0,1,1,0,0,Căn hộ chung cư,8.498443223443223,5.834717791411043,Ba Đình
9.2,45.0,5.0,4.0,1,1,1,1,Nhà mặt phố,3.0,5.0,Nam Từ Liêm
2.95,70.0,8.0,2.0,1,1,0,1,Căn hộ chung cư,30.0,5.834717791411043,Gia Lâm
44.8,145.0,8.0,6.0,1,1,1,1,Nhà mặt phố,11.0,8.0,Bắc Từ Liêm
5.5,45.0,5.0,3.0,0,0,0,0,Nhà trong hẻm,10.0,5.834717791411043,Nam Từ Liêm
54.0,120.0,2.0,4.0,0,0,0,0,Nhà mặt phố,6.0,5.0,Đống Đa
75.0,250.0,5.0,5.0,0,0,0,0,Nhà mặt phố,15.0,22.0,Nam Từ Liêm
85.0,242.0,4.0,8.0,1,1,1,1,Nhà mặt phố,35.0,15.0,Cầu Giấy
15.5,58.0,7.0,11.0,0,0,0,0,Nhà trong hẻm,3.0,5.834717791411043,Đống Đa
6.6,60.0,5.0,5.0,0,0,0,0,Nhà mặt phố,9.0,4.0,Ngoại thành
47.38,90.0,9.0,2.0,0,0,0,0,Nhà mặt phố,15.0,5.834717791411043,Đống Đa
42.0,260.0,4.0,6.0,0,0,0,0,Nhà trong hẻm,8.0,5.834717791411043,Bắc Từ Liêm
11.69,45.0,5.0,3.0,1,1,1,0,Nhà trong hẻm,3.0,3.0,Đống Đa
59.5,68.0,6.0,8.0,1,1,1,1,Nhà mặt phố,25.0,8.0,Đống Đa
17.9,60.0,5.0,6.0,1,1,1,1,Nhà trong hẻm,4.0,4.0,Cầu Giấy
35.5,188.0,5.0,5.0,0,0,0,0,Nhà trong hẻm,0.0,0.0,Hà Đông
63.5,120.0,7.0,8.0,0,0,0,0,Nhà mặt phố,50.0,5.834717791411043,Đống Đa
17.9,95.0,7.0,20.0,1,1,1,1,Nhà mặt phố,6.0,4.5,Long Biên
9.6,40.0,5.0,4.0,1,1,1,1,Nhà trong hẻm,6.0,4.0,Hoàng Mai
18.5,75.0,4.0,4.0,1,1,1,1,Nhà trong hẻm,5.5,4.5,Cầu Giấy
10.5,45.0,7.0,12.0,1,1,1,0,Nhà mặt phố,3.0,4.0,Ngoại thành
10.0,112.0,5.0,5.0,0,0,0,0,Nhà mặt phố,6.0,5.834717791411043,Đông Anh
7.7,43.0,6.0,3.0,0,0,0,0,Nhà mặt phố,3.5,3.9,Long Biên
33.0,150.0,2.0,3.0,1,1,1,0,Nhà mặt phố,20.0,7.5,Ba Đình
34.0,120.0,1.0,1.0,1,1,1,1,Nhà mặt phố,25.0,17.0,Nam Từ Liêm
10.6,50.0,5.0,8.0,1,1,1,1,Nhà trong hẻm,5.0,5.0,Thanh Xuân
5.355,85.0,7.0,2.0,1,1,1,1,Căn hộ chung cư,8.498443223443223,5.834717791411043,Nam Từ Liêm
4.1,39.0,5.0,5.0,0,0,0,1,Nhà mặt phố,5.0,5.834717791411043,Bắc Từ Liêm
3.8,54.0,3.0,4.0,1,1,1,1,Nhà trong hẻm,4.0,5.834717791411043,Ngoại thành
23.5,75.0,7.0,10.0,1,1,1,1,Nhà trong hẻm,3.0,4.7,Tây Hồ
55.0,225.0,4.0,4.0,1,1,1,1,Nhà mặt phố,20.0,9.0,Hà Đông
19.8,65.0,6.0,4.0,1,1,1,1,Nhà mặt phố,20.0,13.0,Long Biên
75.0,120.0,3.0,4.0,1,1,1,1,Nhà mặt phố,20.0,6.0,Hoàn Kiếm
22.0,90.0,5.0,5.0,1,1,1,1,Nhà trong hẻm,8.0,5.0,Đống Đa
76.8,295.0,4.0,4.0,1,1,1,1,Nhà mặt phố,12.0,15.0,Hà Đông
16.8,50.0,6.0,5.0,1,1,1,1,Nhà trong hẻm,5.0,4.5,Thanh Xuân
21.9,73.0,5.0,5.0,0,1,1,1,Nhà trong hẻm,6.0,4.5,Cầu Giấy
16.8,83.0,5.0,5.0,1,1,1,1,Nhà mặt phố,12.0,5.0,Hà Đông
6.7,100.0,5.0,5.0,0,0,0,0,Nhà mặt phố,10.0,5.0,Ngoại thành
12.3,54.0,5.0,6.0,1,1,1,1,Nhà mặt phố,12.0,4.0,Hà Đông
6.65,35.0,5.0,3.0,1,1,1,0,Nhà trong hẻm,3.0,5.834717791411043,Tây Hồ
95.0,95.0,6.0,5.0,0,0,0,0,Nhà mặt phố,50.0,26.0,Hoàn Kiếm
9.3,90.0,1.0,4.0,0,0,0,0,Căn hộ chung cư,8.0,5.834717791411043,Hai Bà Trưng
13.7,38.0,5.0,3.0,1,1,0,0,Nhà mặt phố,8.0,3.75,Hà Đông
90.0,180.0,9.0,10.0,0,0,0,0,Nhà trong hẻm,15.0,10.0,Cầu Giấy
23.9,80.0,6.0,6.0,1,1,1,1,Nhà mặt phố,8.0,5.0,Long Biên
29.5,90.0,5.0,7.0,0,0,0,0,Nhà mặt phố,10.0,4.5,Cầu Giấy
9.2,42.0,6.0,4.0,1,1,1,1,Nhà trong hẻm,4.0,5.834717791411043,Long Biên
14.7,48.0,5.0,3.0,1,1,1,1,Nhà mặt phố,5.0,5.834717791411043,Tây Hồ
17.9,55.0,5.0,5.0,1,1,1,1,Nhà mặt phố,50.0,5.834717791411043,Hà Đông
2.4,157.0,5.0,5.0,0,0,0,0,Nhà mặt phố,5.0,5.834717791411043,Ngoại thành
90.0,400.0,5.0,10.0,1,1,1,1,Nhà mặt phố,32.0,20.0,Nam Từ Liêm
13.2,65.0,3.0,4.0,0,0,0,0,Nhà trong hẻm,10.0,3.7,Đống Đa
4.8,35.0,3.0,3.0,1,1,1,0,Nhà trong hẻm,2.2,3.5,Long Biên
2.96,15.0,4.0,2.0,1,1,1,0,Nhà trong hẻm,2.0,3.0,Đống Đa
18.5,83.0,5.0,4.0,1,1,1,1,Nhà mặt phố,14.0,5.0,Hà Đông
7.6,43.0,3.0,3.0,1,1,1,1,Nhà trong hẻm,3.0,4.0,Tây Hồ
7.4,59.0,5.0,5.0,0,0,0,0,Nhà mặt phố,3.0,5.834717791411043,Bắc Từ Liêm
55.0,180.0,4.0,6.0,1,1,1,1,Nhà mặt phố,15.0,15.0,Ba Đình
14.3,65.0,3.0,2.0,0,0,0,0,Nhà mặt phố,6.0,5.834717791411043,Hai Bà Trưng
7.2,35.0,5.0,4.0,0,0,0,0,Nhà trong hẻm,3.0,4.0,Hai Bà Trưng
19.0,48.0,6.0,4.0,0,0,0,0,Nhà mặt phố,5.0,5.0,Đống Đa
5.3,75.0,5.0,5.0,0,0,0,0,Nhà mặt phố,4.0,4.5,Đông Anh
15.9,60.0,6.0,6.0,0,0,0,0,Nhà trong hẻm,3.0,4.0,Hai Bà Trưng
29.0,87.0,7.0,4.0,0,0,0,0,Nhà mặt phố,7.0,5.7,Long Biên
18.0,56.0,4.0,4.0,0,0,0,0,Nhà mặt phố,12.0,5.834717791411043,Cầu Giấy
7.3,35.0,5.0,3.0,1,1,1,0,Nhà trong hẻm,3.0,5.834717791411043,Tây Hồ
7.2,35.0,5.0,3.0,1,1,1,0,Nhà trong hẻm,3.5,3.5,Cầu Giấy
6.6,35.0,5.0,3.0,1,1,1,0,Nhà trong hẻm,3.0,4.35,Cầu Giấy
18.0,50.0,7.0,12.0,1,1,1,1,Nhà mặt phố,6.0,6.0,Tây Hồ
11.5,56.0,4.0,4.0,0,0,0,0,Nhà trong hẻm,5.0,7.0,Cầu Giấy
19.3,52.0,7.0,4.0,0,0,0,0,Nhà mặt phố,10.0,5.834717791411043,Cầu Giấy
16.995,68.0,6.0,15.0,0,0,0,0,Nhà mặt phố,8.0,5.5,Ngoại thành
1.5,60.0,5.0,5.0,0,0,0,0,Nhà mặt phố,8.498443223443223,5.834717791411043,Ngoại thành
7.2,35.0,5.0,6.0,1,1,1,0,Nhà trong hẻm,3.0,3.5,Nam Từ Liêm
6.25,33.0,5.0,3.0,0,0,0,0,Nhà trong hẻm,2.5,5.834717791411043,Bắc Từ Liêm
98.0,195.0,7.0,12.0,1,1,1,1,Nhà mặt phố,20.0,8.0,Hoàn Kiếm
8.6,45.0,5.0,4.0,1,1,1,0,Nhà trong hẻm,2.0,4.0,Cầu Giấy
8.45,42.0,5.0,9.0,1,1,1,1,Nhà trong hẻm,5.0,4.0,Nam Từ Liêm
18.2,135.0,3.0,10.0,1,1,1,1,Nhà mặt phố,3.0,6.0,Hai Bà Trưng
17.5,90.0,2.0,3.0,0,0,0,0,Nhà mặt phố,7.0,4.0,Hoàng Mai
19.5,40.0,7.0,3.0,1,1,1,1,Nhà mặt phố,5.0,4.0,Tây Hồ
3.5,100.0,1.0,1.0,0,0,0,0,Nhà mặt phố,3.5,5.5,Ngoại thành
19.5,50.0,5.0,6.0,0,0,0,0,Nhà trong hẻm,5.0,5.834717791411043,Cầu Giấy
39.0,171.0,8.0,16.0,0,0,0,0,Nhà trong hẻm,3.0,7.7,Thanh Xuân
28.5,90.0,4.0,4.0,1,1,1,1,Nhà mặt phố,6.0,5.4,Tây Hồ
7.7,40.0,5.0,4.0,1,1,1,1,Nhà trong hẻm,5.0,5.834717791411043,Long Biên
5.2,40.0,5.0,5.0,1,1,1,1,Nhà mặt phố,3.0,5.834717791411043,Nam Từ Liêm
13.0,56.0,5.0,4.0,1,1,1,0,Nhà trong hẻm,2.5,4.0,Tây Hồ
7.5,30.0,5.0,2.0,1,1,1,0,Nhà trong hẻm,3.0,5.834717791411043,Ba Đình
18.8,57.0,5.0,6.0,1,1,1,1,Nhà mặt phố,5.0,4.0,Hai Bà Trưng
18.0,96.0,5.0,6.0,1,1,1,1,Nhà mặt phố,30.0,5.0,Hà Đông
4.4,20.0,4.0,2.0,0,0,0,0,Nhà trong hẻm,3.0,5.834717791411043,Hai Bà Trưng
18.8,98.0,7.0,20.0,0,0,0,0,Nhà mặt phố,3.0,6.0,Cầu Giấy
22.5,70.0,4.0,6.0,1,1,1,1,Nhà mặt phố,8.0,5.0,Hai Bà Trưng
7.0,39.0,5.0,3.0,1,1,1,1,Nhà trong hẻm,4.0,3.5,Bắc Từ Liêm
6.25,35.0,4.0,4.0,0,0,0,0,Nhà trong hẻm,4.0,5.834717791411043,Hà Đông
5.75,39.0,4.0,5.0,0,0,0,0,Nhà trong hẻm,3.0,4.0,Hà Đông
25.0,117.0,3.0,5.0,1,1,1,1,Nhà mặt phố,8.0,6.6,Long Biên
7.1,36.0,4.0,4.0,1,1,1,0,Nhà trong hẻm,3.0,4.0,Đống Đa
22.0,60.0,6.0,6.0,1,1,1,1,Nhà trong hẻm,5.0,5.1,Cầu Giấy
6.6,45.0,9.0,9.0,0,0,0,0,Nhà trong hẻm,0.0,0.0,Hà Đông
6.8,33.0,5.0,3.0,1,1,1,0,Nhà trong hẻm,2.5,4.5,Bắc Từ Liêm
18.0,70.0,4.0,4.0,0,0,0,0,Nhà mặt phố,17.0,5.834717791411043,Hà Đông
8.8,54.0,4.0,3.0,0,0,0,0,Nhà trong hẻm,3.0,5.834717791411043,Hai Bà Trưng
4.2,89.0,5.0,5.0,0,0,0,0,Nhà mặt phố,4.0,4.2,Ngoại thành
20.8,80.0,5.0,4.0,1,1,1,1,Nhà mặt phố,12.0,6.0,Hoàng Mai
12.0,60.0,5.0,6.0,0,0,0,0,Nhà trong hẻm,3.0,5.834717791411043,Thanh Xuân
7.6,51.0,4.0,4.0,0,0,0,0,Nhà trong hẻm,2.5,5.834717791411043,Hai Bà Trưng
15.0,65.0,5.0,8.0,1,1,0,0,Nhà trong hẻm,2.5,5.5,Đống Đa
7.0,60.0,1.0,1.0,0,0,0,0,Nhà trong hẻm,5.0,5.834717791411043,Hà Đông
42.5,127.0,9.0,1.0,0,0,0,0,Nhà mặt phố,15.0,7.5,Nam Từ Liêm
6.85,34.0,5.0,4.0,0,0,0,0,Nhà trong hẻm,3.0,5.834717791411043,Hà Đông
2.35,63.0,5.0,5.0,0,0,0,0,Nhà mặt phố,6.0,4.2,Ngoại thành
21.5,97.0,6.0,5.0,1,1,1,1,Nhà trong hẻm,6.0,5.834717791411043,Tây Hồ
5.4,92.0,10.0,3.0,1,1,1,1,Căn hộ chung cư,6.0,9.0,Hoàng Mai
12.0,57.0,4.0,4.0,1,1,1,0,Nhà trong hẻm,3.0,4.5,Ba Đình
14.5,45.0,6.0,8.0,1,1,1,1,Nhà trong hẻm,5.0,4.0,Nam Từ Liêm
13.5,50.0,5.0,6.0,0,0,0,0,Nhà mặt phố,3.0,4.0,Nam Từ Liêm
45.0,100.0,8.0,7.0,0,0,0,0,Nhà mặt phố,25.0,5.5,Đống Đa
12.95,80.0,3.0,4.0,0,0,0,0,Nhà trong hẻm,4.0,5.834717791411043,Hai Bà Trưng
18.0,75.0,4.0,5.0,0,0,0,0,Nhà mặt phố,7.0,5.834717791411043,Hà Đông
8.8,40.0,6.0,4.0,1,1,1,1,Nhà trong hẻm,4.0,5.834717791411043,Long Biên
7.5,75.0,3.0,3.0,0,0,0,0,Nhà trong hẻm,3.0,7.0,Long Biên
13.0,55.0,5.0,5.0,0,0,0,0,Nhà trong hẻm,0.0,0.0,Hà Đông
18.0,70.0,6.0,6.0,0,0,0,0,Nhà trong hẻm,5.0,4.0,Tây Hồ
80.0,100.0,5.0,5.0,1,1,1,1,Nhà mặt phố,40.0,7.0,Ba Đình
21.9,52.0,7.0,8.0,1,1,1,1,Nhà trong hẻm,4.0,4.2,Ba Đình
12.3,38.0,5.0,6.0,0,0,0,0,Nhà mặt phố,10.0,5.834717791411043,Thanh Xuân
73.0,200.0,1.0,3.0,1,1,1,0,Nhà trong hẻm,3.0,5.834717791411043,Tây Hồ
44.0,82.0,5.0,6.0,1,1,1,1,Nhà trong hẻm,12.0,5.834717791411043,Cầu Giấy
17.0,56.0,5.0,6.0,0,0,0,0,Nhà mặt phố,5.0,5.834717791411043,Cầu Giấy
27.5,118.0,5.0,10.0,0,0,0,0,Nhà trong hẻm,4.0,5.834717791411043,Hai Bà Trưng
7.5,33.0,5.0,3.0,0,0,0,0,Nhà trong hẻm,3.5,5.834717791411043,Cầu Giấy
5.6,32.0,2.0,2.0,0,0,0,0,Nhà trong hẻm,2.5,3.2,Hai Bà Trưng
7.0,39.0,5.0,4.0,0,0,0,0,Nhà trong hẻm,3.0,5.834717791411043,Hoàng Mai
46.5,178.0,1.0,1.0,0,0,0,0,Nhà mặt phố,8.0,7.4,Nam Từ Liêm
24.0,85.0,8.0,12.0,1,1,1,0,Nhà trong hẻm,3.0,8.0,Thanh Xuân
4.75,51.0,5.0,5.0,0,0,0,0,Nhà mặt phố,3.0,4.1,Gia Lâm
15.9,46.0,4.0,3.0,1,1,1,1,Nhà mặt phố,6.0,3.8,Đống Đa
4.95,35.0,5.0,3.0,0,0,0,0,Nhà trong hẻm,2.0,4.0,Long Biên
20.9,78.0,4.0,4.0,1,1,1,1,Nhà trong hẻm,6.0,4.8,Thanh Xuân
45.0,92.0,4.0,8.0,1,1,1,1,Nhà mặt phố,15.0,8.0,Tây Hồ
6.5,30.0,5.0,3.0,1,1,1,0,Nhà trong hẻm,3.0,5.834717791411043,Bắc Từ Liêm
11.0,47.0,6.0,13.0,1,1,1,0,Nhà trong hẻm,2.0,3.5,Nam Từ Liêm
20.95,46.0,7.0,4.0,1,1,1,1,Nhà trong hẻm,12.0,4.38,Long Biên
12.8,95.0,4.0,4.0,0,0,0,0,Nhà trong hẻm,5.0,7.0,Tây Hồ
8.04,48.0,4.0,3.0,0,0,0,0,Nhà trong hẻm,2.3,5.834717791411043,Hoàng Mai
88.0,151.0,5.0,6.0,1,1,1,1,Nhà mặt phố,30.0,5.834717791411043,Cầu Giấy
16.0,40.0,7.0,3.0,1,1,1,1,Nhà mặt phố,10.0,5.4,Long Biên
12.8,50.0,5.0,5.0,0,0,0,0,Nhà mặt phố,12.0,4.0,Hà Đông
66.5,80.0,6.0,10.0,1,1,1,1,Nhà mặt phố,25.0,6.3,Tây Hồ
14.0,42.0,5.0,6.0,1,1,1,1,Nhà trong hẻm,7.0,4.0,Thanh Xuân
68.0,162.0,5.0,4.0,0,0,0,0,Nhà mặt phố,3.0,27.0,Tây Hồ
45.0,82.0,10.0,8.0,0,0,0,0,Nhà mặt phố,20.0,5.834717791411043,Thanh Xuân
7.2,42.0,4.0,4.0,1,1,1,0,Nhà trong hẻm,2.5,3.9,Đống Đa
4.0,32.0,5.0,3.0,0,0,0,0,Nhà trong hẻm,4.0,5.834717791411043,Bắc Từ Liêm
11.5,45.0,6.0,3.0,0,1,1,0,Nhà mặt phố,2.0,5.834717791411043,Hoàng Mai
5.7,52.0,3.0,2.0,1,1,1,1,Nhà trong hẻm,7.0,3.6,Hoàng Mai
17.5,71.0,7.0,18.0,1,1,1,0,Nhà trong hẻm,3.0,4.7,Hà Đông
12.5,50.0,1.0,2.0,1,1,1,1,Nhà mặt phố,4.0,15.0,Hà Đông
9.5,40.0,6.0,3.0,1,1,1,0,Nhà trong hẻm,3.0,5.0,Long Biên
5.55,90.0,11.0,3.0,0,0,0,0,Căn hộ chung cư,8.498443223443223,5.834717791411043,Nam Từ Liêm
6.2,32.0,5.0,3.0,0,0,0,0,Nhà trong hẻm,5.0,5.834717791411043,Tây Hồ
13.0,67.0,5.0,5.0,0,0,0,0,Nhà trong hẻm,2.5,5.834717791411043,Cầu Giấy
2.2,79.0,5.0,5.0,0,0,0,0,Nhà mặt phố,4.0,4.5,Ngoại thành
16.9,77.0,5.0,6.0,1,1,1,1,Nhà mặt phố,14.0,5.0,Hà Đông
17.5,80.0,5.0,5.0,0,0,0,0,Nhà mặt phố,17.0,4.2,Long Biên
3.7,80.0,5.0,5.0,0,0,0,1,Nhà mặt phố,3.0,5.2,Gia Lâm
15.5,58.0,4.0,4.0,1,1,1,1,Nhà trong hẻm,4.0,5.834717791411043,Hai Bà Trưng
17.0,52.0,7.0,10.0,0,0,0,0,Nhà trong hẻm,4.0,4.5,Nam Từ Liêm
32.0,100.0,8.0,16.0,0,0,0,0,Nhà trong hẻm,4.0,7.8,Thanh Xuân
31.0,150.0,3.0,5.0,0,0,0,0,Nhà mặt phố,8.0,5.834717791411043,Long Biên
6.6,34.0,5.0,3.0,1,1,1,0,Nhà trong hẻm,4.0,3.6,Tây Hồ
25.0,60.0,5.0,6.0,1,1,1,1,Nhà trong hẻm,10.0,5.0,Cầu Giấy
62.5,128.0,3.0,4.0,0,0,0,0,Nhà mặt phố,30.0,13.0,Long Biên
14.5,50.0,6.0,6.0,1,1,1,1,Nhà mặt phố,5.0,3.5,Hoàng Mai
31.9,75.0,7.0,6.0,0,0,0,0,Nhà trong hẻm,8.0,4.5,Hoàng Mai
4.4,105.0,1.0,5.0,0,0,0,0,Nhà mặt phố,5.0,6.6,Đông Anh
19.8,90.0,5.0,4.0,0,0,0,0,Nhà mặt phố,8.0,6.0,Long Biên
49.5,140.0,3.0,9.0,0,0,1,1,Nhà mặt phố,21.0,7.0,Tây Hồ
8.2,45.0,6.0,4.0,1,1,1,1,Nhà trong hẻm,4.0,4.0,Long Biên
13.8,60.0,5.0,5.0,0,0,1,0,Nhà mặt phố,4.0,5.0,Tây Hồ
24.0,85.0,5.0,4.0,1,1,1,1,Nhà trong hẻm,10.0,5.0,Long Biên
6.0,32.0,5.0,3.0,0,0,0,0,Nhà trong hẻm,2.7,5.834717791411043,Hoàng Mai
10.9,60.0,5.0,6.0,1,1,1,1,Nhà trong hẻm,4.0,5.834717791411043,Hoàng Mai
22.5,90.0,5.0,5.0,1,1,1,1,Nhà trong hẻm,10.0,5.2,Đống Đa
10.1,66.0,5.0,5.0,0,0,0,0,Nhà mặt phố,5.0,3.7,Long Biên
15.3,100.0,5.0,5.0,0,0,0,1,Nhà mặt phố,4.0,4.6,Long Biên
5.75,35.0,5.0,3.0,0,0,0,0,Nhà trong hẻm,3.0,5.834717791411043,Hoàng Mai
70.0,126.0,5.0,4.0,0,0,0,0,Nhà mặt phố,10.0,5.834717791411043,Đống Đa
2.3,228.0,5.0,5.0,0,0,0,0,Nhà mặt phố,5.0,3.0,Ngoại thành
6.5,30.0,5.0,5.0,0,0,0,0,Nhà trong hẻm,0.0,5.834717791411043,Hà Đông
35.3,60.0,1.0,2.0,0,0,0,0,Nhà mặt phố,30.0,4.5,Tây Hồ
13.4,67.0,5.0,4.0,0,0,0,0,Nhà trong hẻm,2.0,5.834717791411043,Cầu Giấy
12.0,57.0,3.0,3.0,0,0,0,0,Nhà trong hẻm,3.5,3.3,Nam Từ Liêm
7.75,38.0,5.0,3.0,1,1,1,0,Nhà trong hẻm,3.0,5.834717791411043,Tây Hồ
19.0,88.0,7.0,18.0,1,1,1,0,Nhà trong hẻm,3.0,5.99,Thanh Xuân
42.6,113.0,2.0,3.0,1,1,1,0,Nhà mặt phố,25.0,6.2,Hoàn Kiếm
6.0,70.0,5.0,5.0,0,0,0,0,Nhà mặt phố,4.0,5.0,Đông Anh
6.05,52.0,5.0,5.0,0,0,0,0,Nhà mặt phố,9.0,10.0,Gia Lâm
4.15,115.0,1.0,1.0,0,0,0,0,Nhà mặt phố,4.0,4.2,Ngoại thành
26.5,60.0,8.0,6.0,1,1,1,1,Nhà trong hẻm,6.0,5.3,Thanh Xuân
11.2,51.0,5.0,4.0,1,1,1,1,Nhà trong hẻm,5.0,4.5,Long Biên
16.0,75.0,7.0,18.0,0,0,0,0,Nhà mặt phố,3.0,5.834717791411043,Cầu Giấy
5.85,30.0,4.0,3.0,0,0,0,0,Nhà trong hẻm,3.0,5.834717791411043,Hai Bà Trưng
26.5,65.0,6.0,4.0,1,1,1,1,Nhà mặt phố,20.0,5.834717791411043,Hà Đông
36.9,60.0,6.0,4.0,1,1,1,1,Nhà mặt phố,20.0,4.5,Đống Đa
17.0,78.0,7.0,8.0,0,0,0,0,Nhà trong hẻm,4.0,6.5,Tây Hồ
12.6,50.0,6.0,4.0,1,1,1,1,Nhà mặt phố,12.0,5.834717791411043,Long Biên
24.9,114.0,1.0,2.0,0,0,0,0,Nhà trong hẻm,8.0,5.5,Đống Đa
15.5,50.0,4.0,4.0,1,1,1,1,Nhà trong hẻm,8.0,10.0,Cầu Giấy
22.0,80.0,8.0,5.0,1,1,1,1,Nhà mặt phố,10.0,6.6,Ba Đình
22.29,85.0,6.0,7.0,0,0,0,0,Nhà trong hẻm,4.5,4.0,Hai Bà Trưng
8.6,46.0,5.0,9.0,1,1,1,0,Nhà trong hẻm,3.0,5.834717791411043,Bắc Từ Liêm
13.5,55.0,5.0,4.0,1,1,1,1,Nhà trong hẻm,5.0,5.834717791411043,Long Biên
43.5,145.0,5.0,6.0,0,0,0,0,Nhà mặt phố,16.0,16.0,Nam Từ Liêm
13.9,65.0,7.0,17.0,0,0,0,0,Nhà trong hẻm,2.5,5.834717791411043,Bắc Từ Liêm
15.5,92.0,4.0,4.0,1,1,1,1,Nhà mặt phố,5.0,7.0,Ba Đình
10.4,45.0,5.0,4.0,1,1,1,1,Nhà mặt phố,4.0,3.6,Hà Đông
11.0,45.0,5.0,12.0,1,1,1,1,Nhà mặt phố,2.0,4.0,Cầu Giấy
4.9,59.0,2.0,2.0,1,1,1,0,Nhà trong hẻm,2.5,3.8,Ngoại thành
4.0,30.0,4.0,3.0,0,0,0,0,Nhà trong hẻm,4.0,4.0,Hoàng Mai
50.0,210.0,6.0,12.0,1,1,1,1,Nhà mặt phố,25.0,8.0,Nam Từ Liêm
6.3,35.0,5.0,3.0,1,1,1,0,Nhà trong hẻm,3.0,3.5,Nam Từ Liêm
15.4,55.0,5.0,3.0,1,1,1,1,Nhà trong hẻm,7.0,4.1,Thanh Xuân
31.0,75.0,8.0,10.0,1,1,1,1,Nhà trong hẻm,6.0,6.2,Thanh Xuân
40.0,71.0,7.0,7.0,1,1,1,1,Nhà mặt phố,20.0,4.0,Hai Bà Trưng
7.0,46.0,5.0,5.0,0,0,0,0,Nhà mặt phố,8.0,5.3,Ngoại thành
16.5,100.0,5.0,6.0,1,1,1,1,Nhà mặt phố,15.0,4.0,Hai Bà Trưng
17.9,50.0,5.0,6.0,0,0,0,0,Nhà mặt phố,8.0,4.0,Ba Đình
62.8,132.0,4.0,3.0,1,1,1,1,Nhà mặt phố,8.0,5.834717791411043,Tây Hồ
4.55,60.0,5.0,5.0,0,0,0,0,Nhà mặt phố,6.0,5.7,Đông Anh
10.5,40.0,5.0,3.0,1,1,1,0,Nhà trong hẻm,3.0,5.0,Hà Đông
9.6,68.0,5.0,5.0,0,0,0,0,Nhà mặt phố,10.0,4.0,Đông Anh
33.0,113.0,3.0,4.0,0,0,0,0,Nhà mặt phố,8.0,6.6,Long Biên
6.5,40.0,3.0,5.0,0,0,0,0,Nhà trong hẻm,0.0,0.0,Hà Đông
2.88,60.0,5.0,5.0,0,0,0,0,Nhà mặt phố,3.0,4.0,Ngoại thành
13.0,53.0,5.0,6.0,0,0,0,0,Nhà trong hẻm,2.5,4.0,Cầu Giấy
5.08,33.0,5.0,3.0,0,0,0,0,Nhà trong hẻm,3.0,5.834717791411043,Hoàng Mai
7.95,43.0,2.0,2.0,1,1,1,0,Nhà trong hẻm,3.0,5.834717791411043,Hà Đông
21.5,70.0,5.0,5.0,1,1,1,1,Nhà trong hẻm,4.0,5.0,Cầu Giấy
13.5,121.0,1.0,4.0,1,1,0,1,Căn hộ chung cư,5.0,12.0,Hà Đông
3.6,49.0,3.0,3.0,1,1,1,0,Nhà mặt phố,3.5,4.0,Đông Anh
31.0,85.0,4.0,4.0,1,1,1,1,Nhà mặt phố,20.0,5.834717791411043,Hà Đông
5.7,33.0,5.0,3.0,0,1,1,1,Nhà trong hẻm,2.5,5.834717791411043,Long Biên
89.0,214.0,5.0,8.0,0,0,0,0,Nhà mặt phố,4.5,10.0,Tây Hồ
23.5,100.0,4.0,4.0,0,0,0,0,Nhà trong hẻm,5.0,5.834717791411043,Long Biên
16.5,61.0,4.0,4.0,1,1,1,1,Nhà mặt phố,20.0,4.0,Hoàng Mai
6.3,37.0,4.0,4.0,1,1,1,0,Nhà trong hẻm,3.0,3.5,Nam Từ Liêm
29.5,150.0,4.0,6.0,0,0,0,0,Nhà mặt phố,15.0,6.0,Nam Từ Liêm
7.65,33.0,5.0,3.0,0,0,0,0,Nhà trong hẻm,3.0,5.834717791411043,Tây Hồ
7.6,44.0,5.0,4.0,1,1,1,0,Nhà trong hẻm,2.5,4.1,Tây Hồ
1.45,87.0,5.0,5.0,0,0,0,0,Nhà mặt phố,6.0,5.0,Ngoại thành
10.0,45.0,5.0,6.0,0,0,0,0,Nhà trong hẻm,3.0,5.0,Thanh Xuân
54.5,340.0,4.0,4.0,1,1,1,1,Nhà mặt phố,25.0,15.0,Long Biên
23.0,75.0,5.0,6.0,0,0,0,0,Nhà trong hẻm,5.0,5.834717791411043,Hai Bà Trưng
32.5,100.0,4.0,6.0,1,1,1,1,Nhà mặt phố,8.0,8.5,Cầu Giấy
36.0,116.0,3.0,3.0,1,1,1,1,Nhà mặt phố,25.0,5.2,Ba Đình
44.0,220.0,4.0,6.0,1,1,1,1,Nhà mặt phố,20.0,13.0,Hoàng Mai
6.9,38.0,5.0,5.0,0,0,0,0,Nhà trong hẻm,5.0,5.834717791411043,Hoàng Mai
8.1,51.0,3.0,2.0,1,1,0,0,Nhà trong hẻm,3.0,4.8,Hai Bà Trưng
25.99,77.0,4.0,4.0,1,1,1,1,Nhà mặt phố,8.0,18.0,Hà Đông
65.0,218.0,4.0,4.0,0,0,0,0,Nhà mặt phố,15.0,5.5,Hai Bà Trưng
7.4,55.0,4.0,4.0,1,1,1,0,Nhà trong hẻm,3.5,4.5,Cầu Giấy
16.2,60.0,5.0,4.0,1,1,1,1,Nhà trong hẻm,10.0,5.5,Hai Bà Trưng
5.35,34.0,4.0,3.0,1,1,1,1,Nhà trong hẻm,6.0,0.0,Bắc Từ Liêm
11.0,60.0,6.0,15.0,0,0,0,0,Nhà mặt phố,3.0,5.0,Đống Đa
8.5,41.0,5.0,6.0,1,1,1,1,Nhà trong hẻm,4.0,3.5,Hoàng Mai
13.0,105.0,5.0,4.0,0,0,0,0,Nhà trong hẻm,5.0,5.0,Gia Lâm
6.3,152.0,5.0,5.0,0,0,0,0,Nhà mặt phố,4.0,5.6,Ngoại thành
10.3,37.0,5.0,4.0,1,1,1,1,Nhà trong hẻm,3.0,5.834717791411043,Ba Đình
55.0,115.0,5.0,5.0,0,0,0,0,Nhà mặt phố,40.0,5.0,Tây Hồ
18.8,65.0,1.0,2.0,0,0,0,0,Nhà mặt phố,8.0,5.834717791411043,Hà Đông
10.3,130.0,5.0,5.0,0,0,0,0,Nhà mặt phố,14.0,6.0,Đông Anh
85.0,115.0,5.0,5.0,0,0,0,0,Nhà mặt phố,8.498443223443223,5.834717791411043,Hoàng Mai
13.5,52.0,5.0,5.0,0,0,0,0,Nhà trong hẻm,0.0,0.0,Hà Đông
4.8,85.0,5.0,5.0,0,0,0,0,Nhà mặt phố,2.5,5.52,Gia Lâm
21.5,100.0,3.0,4.0,0,0,0,0,Nhà mặt phố,4.0,5.834717791411043,Bắc Từ Liêm
7.0,45.0,4.0,3.0,1,1,1,0,Nhà mặt phố,4.0,3.5,Ba Đình
42.0,200.0,5.0,8.0,1,1,1,1,Nhà mặt phố,15.0,10.0,Nam Từ Liêm
5.46,34.0,5.0,6.0,0,0,0,0,Nhà trong hẻm,2.0,3.5,Hoàng Mai
50.0,100.0,8.0,5.0,0,0,0,0,Nhà mặt phố,10.0,5.834717791411043,Thanh Xuân
6.3,55.0,4.0,3.0,0,0,0,0,Nhà trong hẻm,1.5,5.834717791411043,Long Biên
8.6,75.0,2.0,3.0,1,1,1,1,Nhà mặt phố,4.0,6.0,Long Biên
51.0,230.0,3.0,6.0,1,1,1,1,Nhà mặt phố,35.0,29.0,Nam Từ Liêm
56.0,240.0,2.0,2.0,1,1,1,1,Nhà mặt phố,20.0,17.5,Tây Hồ
6.8,33.0,5.0,3.0,1,1,1,0,Nhà trong hẻm,3.0,4.2,Hà Đông
8.28,26.0,4.0,4.0,0,0,0,0,Nhà trong hẻm,4.0,5.834717791411043,Hai Bà Trưng
16.9,79.0,5.0,5.0,1,1,1,1,Nhà mặt phố,8.0,5.0,Hà Đông
6.75,45.0,2.0,2.0,0,0,0,0,Nhà trong hẻm,4.0,0.0,Hà Đông
54.0,264.0,4.0,8.0,1,1,1,1,Nhà mặt phố,25.0,20.0,Cầu Giấy
7.9,40.0,6.0,3.0,1,1,1,1,Nhà trong hẻm,3.0,5.834717791411043,Cầu Giấy
16.5,135.0,4.0,4.0,0,0,0,0,Nhà mặt phố,14.0,5.834717791411043,Gia Lâm
3.7,70.0,5.0,5.0,0,0,0,0,Nhà mặt phố,8.0,4.0,Đông Anh
89.0,121.0,9.0,8.0,0,0,0,0,Nhà mặt phố,50.0,5.834717791411043,Thanh Xuân
61.0,203.0,4.0,6.0,0,0,0,0,Nhà mặt phố,8.0,27.0,Hoàng Mai
13.0,40.0,6.0,4.0,0,0,0,0,Nhà mặt phố,2.0,5.834717791411043,Đống Đa
9.0,40.0,3.0,3.0,0,0,0,0,Nhà trong hẻm,0.0,0.0,Hà Đông
10.45,60.0,2.0,2.0,0,0,0,0,Nhà mặt phố,40.0,4.0,Hà Đông
16.3,59.0,5.0,4.0,0,0,0,0,Nhà trong hẻm,4.0,4.5,Hà Đông
8.5,33.0,5.0,5.0,0,0,0,0,Nhà trong hẻm,0.0,0.0,Hà Đông
37.0,82.0,6.0,6.0,1,1,1,1,Nhà trong hẻm,8.0,6.1,Thanh Xuân
15.98,52.0,7.0,15.0,1,1,1,1,Nhà mặt phố,4.0,5.834717791411043,Nam Từ Liêm
41.0,75.0,8.0,6.0,1,1,1,1,Nhà mặt phố,40.0,5.834717791411043,Cầu Giấy
8.3,89.0,5.0,5.0,0,0,0,0,Nhà mặt phố,7.0,7.0,Đông Anh
6.6,54.0,4.0,4.0,1,1,1,0,Nhà mặt phố,1.5,4.0,Hà Đông
11.0,65.0,1.0,1.0,0,0,0,0,Nhà mặt phố,8.498443223443223,5.834717791411043,Bắc Từ Liêm
10.5,75.0,5.0,6.0,1,1,1,1,Nhà mặt phố,20.0,5.0,Ngoại thành
2.1,98.0,5.0,5.0,0,0,0,0,Nhà mặt phố,2.5,4.8,Ngoại thành
38.0,100.0,4.0,4.0,0,0,0,0,Nhà trong hẻm,15.0,5.834717791411043,Cầu Giấy
3.2,52.0,5.0,5.0,0,0,0,0,Nhà mặt phố,2.5,4.2,Đông Anh
29.0,147.0,5.0,9.0,1,1,1,1,Nhà mặt phố,15.0,9.0,Ba Đình
5.45,22.0,4.0,3.0,0,0,0,0,Nhà trong hẻm,2.0,5.834717791411043,Đống Đa
1.8,79.0,5.0,5.0,0,0,0,0,Nhà mặt phố,4.0,4.0,Ngoại thành
19.5,62.0,5.0,3.0,0,0,0,0,Nhà trong hẻm,6.0,5.0,Hoàng Mai
5.8,43.0,5.0,4.0,1,1,1,0,Nhà trong hẻm,3.0,3.7,Hoàng Mai
5.8,50.0,2.0,2.0,1,1,1,0,Nhà trong hẻm,3.0,5.834717791411043,Bắc Từ Liêm
1.7,30.0,1.0,1.0,1,1,0,0,Nhà trong hẻm,2.5,6.0,Bắc Từ Liêm
3.1,61.0,5.0,2.0,0,0,0,0,Căn hộ chung cư,8.498443223443223,5.834717791411043,Bắc Từ Liêm
48.0,94.0,5.0,3.0,0,0,0,0,Nhà mặt phố,20.0,9.0,Hai Bà Trưng
4.6,35.0,6.0,4.0,0,0,0,0,Nhà mặt phố,3.0,4.0,Long Biên
24.9,77.0,6.0,6.0,0,0,0,0,Nhà mặt phố,40.0,5.834717791411043,Tây Hồ
18.5,55.0,6.0,5.0,1,1,1,1,Nhà trong hẻm,6.0,4.5,Hoàng Mai
25.0,136.0,1.0,2.0,0,0,0,1,Nhà mặt phố,6.0,5.2,Tây Hồ
6.98,40.0,4.0,4.0,0,0,0,0,Nhà trong hẻm,3.0,5.834717791411043,Ba Đình
21.9,88.0,5.0,5.0,0,0,0,0,Nhà mặt phố,42.0,5.834717791411043,Long Biên
12.3,44.0,4.0,5.0,0,0,0,0,Nhà mặt phố,4.0,4.2,Hà Đông
2.98,25.0,4.0,3.0,0,0,0,0,Nhà trong hẻm,2.5,5.834717791411043,Hoàng Mai
6.1,1.3,5.0,5.0,0,0,0,0,Nhà mặt phố,8.498443223443223,5.834717791411043,Ngoại thành
8.4,37.0,5.0,4.0,1,1,1,0,Nhà mặt phố,3.0,36.0,Nam Từ Liêm
10.0,40.0,4.0,5.0,0,0,0,0,Nhà mặt phố,5.0,5.0,Tây Hồ
1.15,40.0,6.0,2.0,0,0,0,0,Căn hộ chung cư,8.498443223443223,5.834717791411043,Tây Hồ
5.8,18.0,5.0,3.0,1,1,1,1,Nhà trong hẻm,5.0,3.2,Đống Đa
2.15,42.0,5.0,5.0,0,0,0,0,Nhà mặt phố,3.0,5.834717791411043,Ngoại thành
7.2,30.0,4.0,3.0,0,0,0,0,Nhà trong hẻm,3.5,5.834717791411043,Thanh Xuân
32.0,110.0,6.0,1.0,1,1,1,1,Nhà mặt phố,15.0,5.5,Nam Từ Liêm
6.0,31.0,3.0,3.0,1,1,1,1,Nhà trong hẻm,4.0,5.2,Long Biên
55.0,234.0,5.0,5.0,0,0,0,0,Nhà mặt phố,10.0,12.0,Long Biên
9.7,54.0,4.0,4.0,1,1,1,0,Nhà trong hẻm,3.0,5.6,Thanh Xuân
8.6,46.0,4.0,4.0,1,1,1,0,Nhà trong hẻm,3.0,4.5,Nam Từ Liêm
6.9,75.0,12.0,2.0,0,0,0,0,Căn hộ chung cư,8.498443223443223,5.834717791411043,Cầu Giấy
2.65,41.0,5.0,5.0,0,0,0,0,Nhà mặt phố,3.0,4.0,Gia Lâm
21.9,73.0,5.0,5.0,0,0,0,0,Nhà mặt phố,40.0,7.0,Long Biên
9.0,40.0,5.0,4.0,0,0,0,0,Nhà trong hẻm,3.0,5.834717791411043,Thanh Xuân
10.3,48.0,4.0,4.0,0,0,0,0,Nhà trong hẻm,3.0,5.834717791411043,Tây Hồ
11.9,55.0,7.0,11.0,1,1,1,1,Nhà mặt phố,4.0,5.834717791411043,Nam Từ Liêm
10.9,45.0,5.0,5.0,0,0,0,0,Nhà mặt phố,2.8,5.834717791411043,Ba Đình
12.5,70.0,7.0,18.0,0,0,0,0,Nhà mặt phố,3.0,5.834717791411043,Nam Từ Liêm
5.4,35.0,4.0,3.0,0,0,0,0,Nhà trong hẻm,2.0,5.834717791411043,Hoàng Mai
7.999,40.0,5.0,4.0,0,0,0,0,Nhà mặt phố,4.0,4.5,Hai Bà Trưng
7.5,43.0,3.0,3.0,1,1,1,0,Nhà trong hẻm,3.0,5.834717791411043,Nam Từ Liêm
7.5,39.0,6.0,4.0,1,1,1,1,Nhà trong hẻm,3.5,5.0,Bắc Từ Liêm
34.9,106.0,8.0,8.0,1,1,1,1,Nhà mặt phố,25.0,6.0,Nam Từ Liêm
21.0,45.0,5.0,5.0,1,1,1,1,Nhà mặt phố,20.0,4.0,Cầu Giấy
11.8,50.0,6.0,13.0,1,1,1,1,Nhà trong hẻm,4.0,5.834717791411043,Nam Từ Liêm
6.95,38.0,6.0,3.0,1,1,1,0,Nhà trong hẻm,3.0,5.834717791411043,Hoàng Mai
8.7,70.0,5.0,5.0,0,0,0,0,Nhà mặt phố,5.0,4.0,Ngoại thành
16.0,200.0,3.0,6.0,1,1,1,1,Nhà trong hẻm,4.0,7.5,Long Biên
17.4,90.0,1.0,5.0,0,0,0,1,Nhà mặt phố,10.0,5.5,Long Biên
8.55,46.0,4.0,4.0,1,1,1,0,Nhà trong hẻm,2.5,4.5,Nam Từ Liêm
1.5,58.0,5.0,5.0,0,0,0,0,Nhà mặt phố,9.0,5.0,Ngoại thành
23.0,77.0,4.0,3.0,0,0,0,0,Nhà mặt phố,6.0,4.5,Hà Đông
13.3,70.0,4.0,5.0,1,1,1,1,Nhà trong hẻm,3.5,3.8,Thanh Xuân
15.6,64.0,4.0,4.0,1,1,1,1,Nhà mặt phố,7.0,5.834717791411043,Hai Bà Trưng
5.95,82.0,5.0,5.0,0,0,0,0,Nhà mặt phố,5.0,4.0,Đông Anh
8.0,36.0,6.0,4.0,1,1,1,1,Nhà trong hẻm,5.0,3.5,Nam Từ Liêm
16.0,69.0,4.0,4.0,1,1,1,1,Nhà mặt phố,7.0,5.834717791411043,Hai Bà Trưng
19.3,45.0,5.0,4.0,0,0,0,0,Nhà mặt phố,8.0,5.834717791411043,Thanh Xuân
6.0,38.0,5.0,5.0,0,0,0,0,Nhà mặt phố,3.5,3.8,Bắc Từ Liêm
35.5,185.0,4.0,6.0,1,1,1,1,Nhà mặt phố,8.0,10.0,Cầu Giấy
1.6,81.0,3.0,5.0,0,0,0,1,Nhà mặt phố,12.0,3.9,Gia Lâm
4.25,61.0,5.0,5.0,0,0,0,0,Nhà mặt phố,5.0,5.0,Long Biên
10.8,50.0,3.0,3.0,0,0,0,0,Nhà trong hẻm,4.0,5.0,Long Biên
6.2,28.0,4.0,3.0,0,0,0,0,Nhà trong hẻm,2.5,5.834717791411043,Đống Đa
7.6,30.0,5.0,4.0,0,0,0,0,Nhà trong hẻm,4.0,3.5,Cầu Giấy
5.8,35.0,6.0,3.0,1,1,1,1,Nhà mặt phố,4.0,3.0,Hà Đông
6.85,86.0,5.0,5.0,0,0,0,0,Nhà mặt phố,4.0,5.6,Đông Anh
25.0,50.0,5.0,6.0,1,1,1,1,Nhà mặt phố,15.0,4.0,Cầu Giấy
3.05,47.0,5.0,5.0,0,0,0,0,Nhà mặt phố,4.0,6.4,Đông Anh
11.4,50.0,4.0,4.0,1,1,1,1,Nhà mặt phố,5.0,3.5,Hà Đông
9.7,40.0,4.0,3.0,0,0,0,0,Nhà trong hẻm,2.5,7.0,Ba Đình
14.0,48.0,8.0,4.0,1,1,1,1,Nhà mặt phố,20.0,4.3,Đống Đa
6.25,40.0,4.0,4.0,1,1,1,0,Nhà trong hẻm,3.0,5.834717791411043,Cầu Giấy
90.0,300.0,9.0,10.0,0,0,0,0,Nhà mặt phố,40.0,5.834717791411043,Cầu Giấy
96.0,87.0,7.0,2.0,0,0,0,0,Nhà mặt phố,20.0,10.0,Đống Đa
8.75,60.0,5.0,7.0,0,0,0,0,Nhà trong hẻm,2.4,5.834717791411043,Hai Bà Trưng
46.868,82.0,7.0,2.0,0,0,0,0,Nhà mặt phố,20.0,5.0,Cầu Giấy
13.5,44.0,5.0,6.0,0,0,0,0,Nhà mặt phố,7.0,4.0,Ba Đình
5.6,35.0,5.0,5.0,0,0,0,0,Nhà mặt phố,4.0,4.0,Hà Đông
13.0,40.0,6.0,6.0,1,1,1,1,Nhà trong hẻm,4.0,4.0,Thanh Xuân
62.0,194.0,1.0,1.0,1,1,1,1,Nhà mặt phố,25.0,7.0,Nam Từ Liêm
37.0,125.0,2.0,3.0,1,1,1,0,Nhà mặt phố,25.0,6.2,Đống Đa
18.0,45.0,7.0,4.0,0,0,0,0,Nhà mặt phố,12.0,5.834717791411043,Hà Đông
2.75,55.0,3.0,2.0,0,0,0,0,Căn hộ chung cư,30.0,5.0,Bắc Từ Liêm
12.0,50.0,5.0,4.0,0,0,0,0,Nhà mặt phố,8.0,5.834717791411043,Hà Đông
64.9,228.0,3.0,5.0,1,1,1,1,Nhà mặt phố,18.0,13.5,Tây Hồ
3.9,40.0,5.0,5.0,0,0,0,0,Nhà mặt phố,3.0,6.0,Gia Lâm
4.5,65.0,5.0,5.0,0,0,0,0,Nhà mặt phố,3.0,4.1,Đông Anh
4.58,88.0,10.0,2.0,0,0,0,0,Căn hộ chung cư,50.0,10.0,Nam Từ Liêm
6.1,57.0,5.0,5.0,0,0,0,0,Nhà mặt phố,3.0,4.7,Long Biên
9.0,40.0,5.0,5.0,1,1,1,1,Nhà trong hẻm,3.0,3.8,Thanh Xuân
